district,district_url,distribution_url,elected_member,elected_party,enrolment,formal_votes,informal_votes,total_votes,turnout_pct,majority,round_number,row_type,excluded_candidate,excluded_party,candidate,candidate_party,votes,electorate_type,constituency_code,contest_status,result_note,district_seats
Antwerp,https://elections.fgov.be/elections-du-9-juin-2024-tableaux-des-resultats,https://gisco-services.ec.europa.eu/distribution/v2/nuts/geojson/NUTS_RG_03M_2021_4326_LEVL_2.geojson,N-VA,N-VA,1373924,1191187,44400,1235587,89.93,119051,0,first,,,N-VA,N-VA,368877,Belgium,BE21,official,Official SPF Interior Chamber returns; the map shows the locally leading list in each multi-member constituency.,24
Antwerp,https://elections.fgov.be/elections-du-9-juin-2024-tableaux-des-resultats,https://gisco-services.ec.europa.eu/distribution/v2/nuts/geojson/NUTS_RG_03M_2021_4326_LEVL_2.geojson,N-VA,N-VA,1373924,1191187,44400,1235587,89.93,119051,0,first,,,VLAAMS BELANG,VLAAMS BELANG,249826,Belgium,BE21,official,Official SPF Interior Chamber returns; the map shows the locally leading list in each multi-member constituency.,24
Antwerp,https://elections.fgov.be/elections-du-9-juin-2024-tableaux-des-resultats,https://gisco-services.ec.europa.eu/distribution/v2/nuts/geojson/NUTS_RG_03M_2021_4326_LEVL_2.geojson,N-VA,N-VA,1373924,1191187,44400,1235587,89.93,119051,0,first,,,Vooruit,Vooruit,127973,Belgium,BE21,official,Official SPF Interior Chamber returns; the map shows the locally leading list in each multi-member constituency.,24
Antwerp,https://elections.fgov.be/elections-du-9-juin-2024-tableaux-des-resultats,https://gisco-services.ec.europa.eu/distribution/v2/nuts/geojson/NUTS_RG_03M_2021_4326_LEVL_2.geojson,N-VA,N-VA,1373924,1191187,44400,1235587,89.93,119051,0,first,,,cd&v,cd&v,125894,Belgium,BE21,official,Official SPF Interior Chamber returns; the map shows the locally leading list in each multi-member constituency.,24
Antwerp,https://elections.fgov.be/elections-du-9-juin-2024-tableaux-des-resultats,https://gisco-services.ec.europa.eu/distribution/v2/nuts/geojson/NUTS_RG_03M_2021_4326_LEVL_2.geojson,N-VA,N-VA,1373924,1191187,44400,1235587,89.93,119051,0,first,,,PVDA,PVDA,125257,Belgium,BE21,official,Official SPF Interior Chamber returns; the map shows the locally leading list in each multi-member constituency.,24
Antwerp,https://elections.fgov.be/elections-du-9-juin-2024-tableaux-des-resultats,https://gisco-services.ec.europa.eu/distribution/v2/nuts/geojson/NUTS_RG_03M_2021_4326_LEVL_2.geojson,N-VA,N-VA,1373924,1191187,44400,1235587,89.93,119051,0,first,,,GROEN,GROEN,90370,Belgium,BE21,official,Official SPF Interior Chamber returns; the map shows the locally leading list in each multi-member constituency.,24
Antwerp,https://elections.fgov.be/elections-du-9-juin-2024-tableaux-des-resultats,https://gisco-services.ec.europa.eu/distribution/v2/nuts/geojson/NUTS_RG_03M_2021_4326_LEVL_2.geojson,N-VA,N-VA,1373924,1191187,44400,1235587,89.93,119051,0,first,,,Open Vld,Open Vld,70890,Belgium,BE21,official,Official SPF Interior Chamber returns; the map shows the locally leading list in each multi-member constituency.,24
Antwerp,https://elections.fgov.be/elections-du-9-juin-2024-tableaux-des-resultats,https://gisco-services.ec.europa.eu/distribution/v2/nuts/geojson/NUTS_RG_03M_2021_4326_LEVL_2.geojson,N-VA,N-VA,1373924,1191187,44400,1235587,89.93,119051,0,first,,,DierAnimal,DierAnimal,10341,Belgium,BE21,official,Official SPF Interior Chamber returns; the map shows the locally leading list in each multi-member constituency.,24
Antwerp,https://elections.fgov.be/elections-du-9-juin-2024-tableaux-des-resultats,https://gisco-services.ec.europa.eu/distribution/v2/nuts/geojson/NUTS_RG_03M_2021_4326_LEVL_2.geojson,N-VA,N-VA,1373924,1191187,44400,1235587,89.93,119051,0,first,,,Voor U,Voor U,8639,Belgium,BE21,official,Official SPF Interior Chamber returns; the map shows the locally leading list in each multi-member constituency.,24
Antwerp,https://elections.fgov.be/elections-du-9-juin-2024-tableaux-des-resultats,https://gisco-services.ec.europa.eu/distribution/v2/nuts/geojson/NUTS_RG_03M_2021_4326_LEVL_2.geojson,N-VA,N-VA,1373924,1191187,44400,1235587,89.93,119051,0,first,,,Partij BLANCO,Partij BLANCO,7221,Belgium,BE21,official,Official SPF Interior Chamber returns; the map shows the locally leading list in each multi-member constituency.,24
Antwerp,https://elections.fgov.be/elections-du-9-juin-2024-tableaux-des-resultats,https://gisco-services.ec.europa.eu/distribution/v2/nuts/geojson/NUTS_RG_03M_2021_4326_LEVL_2.geojson,N-VA,N-VA,1373924,1191187,44400,1235587,89.93,119051,0,first,,,Volt Europa,Volt Europa,4213,Belgium,BE21,official,Official SPF Interior Chamber returns; the map shows the locally leading list in each multi-member constituency.,24
Antwerp,https://elections.fgov.be/elections-du-9-juin-2024-tableaux-des-resultats,https://gisco-services.ec.europa.eu/distribution/v2/nuts/geojson/NUTS_RG_03M_2021_4326_LEVL_2.geojson,N-VA,N-VA,1373924,1191187,44400,1235587,89.93,119051,0,first,,,BELG.UNIE-BUB,BELG.UNIE-BUB,1686,Belgium,BE21,official,Official SPF Interior Chamber returns; the map shows the locally leading list in each multi-member constituency.,24
Brussels-Capital,https://elections.fgov.be/elections-du-9-juin-2024-tableaux-des-resultats,https://gisco-services.ec.europa.eu/distribution/v2/nuts/geojson/NUTS_RG_03M_2021_4326_LEVL_2.geojson,MR,MR,632495,518926,27970,546896,86.47,23639,0,first,,,MR,MR,120155,Belgium,BE10,official,Official SPF Interior Chamber returns; the map shows the locally leading list in each multi-member constituency. Brussels/Flemish-Brabant enrolment and invalid ballots are proportionally apportioned from their exact joint canton totals because facility-municipality ballots are assigned across the constituency boundary.,16
Brussels-Capital,https://elections.fgov.be/elections-du-9-juin-2024-tableaux-des-resultats,https://gisco-services.ec.europa.eu/distribution/v2/nuts/geojson/NUTS_RG_03M_2021_4326_LEVL_2.geojson,MR,MR,632495,518926,27970,546896,86.47,23639,0,first,,,PS,PS,96516,Belgium,BE10,official,Official SPF Interior Chamber returns; the map shows the locally leading list in each multi-member constituency. Brussels/Flemish-Brabant enrolment and invalid ballots are proportionally apportioned from their exact joint canton totals because facility-municipality ballots are assigned across the constituency boundary.,16
Brussels-Capital,https://elections.fgov.be/elections-du-9-juin-2024-tableaux-des-resultats,https://gisco-services.ec.europa.eu/distribution/v2/nuts/geojson/NUTS_RG_03M_2021_4326_LEVL_2.geojson,MR,MR,632495,518926,27970,546896,86.47,23639,0,first,,,PTB-PVDA,PTB-PVDA,86927,Belgium,BE10,official,Official SPF Interior Chamber returns; the map shows the locally leading list in each multi-member constituency. Brussels/Flemish-Brabant enrolment and invalid ballots are proportionally apportioned from their exact joint canton totals because facility-municipality ballots are assigned across the constituency boundary.,16
Brussels-Capital,https://elections.fgov.be/elections-du-9-juin-2024-tableaux-des-resultats,https://gisco-services.ec.europa.eu/distribution/v2/nuts/geojson/NUTS_RG_03M_2021_4326_LEVL_2.geojson,MR,MR,632495,518926,27970,546896,86.47,23639,0,first,,,ECOLO,ECOLO,58645,Belgium,BE10,official,Official SPF Interior Chamber returns; the map shows the locally leading list in each multi-member constituency. Brussels/Flemish-Brabant enrolment and invalid ballots are proportionally apportioned from their exact joint canton totals because facility-municipality ballots are assigned across the constituency boundary.,16
Brussels-Capital,https://elections.fgov.be/elections-du-9-juin-2024-tableaux-des-resultats,https://gisco-services.ec.europa.eu/distribution/v2/nuts/geojson/NUTS_RG_03M_2021_4326_LEVL_2.geojson,MR,MR,632495,518926,27970,546896,86.47,23639,0,first,,,LES ENGAGÉS,LES ENGAGÉS,49425,Belgium,BE10,official,Official SPF Interior Chamber returns; the map shows the locally leading list in each multi-member constituency. Brussels/Flemish-Brabant enrolment and invalid ballots are proportionally apportioned from their exact joint canton totals because facility-municipality ballots are assigned across the constituency boundary.,16
Brussels-Capital,https://elections.fgov.be/elections-du-9-juin-2024-tableaux-des-resultats,https://gisco-services.ec.europa.eu/distribution/v2/nuts/geojson/NUTS_RG_03M_2021_4326_LEVL_2.geojson,MR,MR,632495,518926,27970,546896,86.47,23639,0,first,,,DéFI,DéFI,34143,Belgium,BE10,official,Official SPF Interior Chamber returns; the map shows the locally leading list in each multi-member constituency. Brussels/Flemish-Brabant enrolment and invalid ballots are proportionally apportioned from their exact joint canton totals because facility-municipality ballots are assigned across the constituency boundary.,16
Brussels-Capital,https://elections.fgov.be/elections-du-9-juin-2024-tableaux-des-resultats,https://gisco-services.ec.europa.eu/distribution/v2/nuts/geojson/NUTS_RG_03M_2021_4326_LEVL_2.geojson,MR,MR,632495,518926,27970,546896,86.47,23639,0,first,,,Team Fouad Ahidar,Team Fouad Ahidar,24826,Belgium,BE10,official,Official SPF Interior Chamber returns; the map shows the locally leading list in each multi-member constituency. Brussels/Flemish-Brabant enrolment and invalid ballots are proportionally apportioned from their exact joint canton totals because facility-municipality ballots are assigned across the constituency boundary.,16
Brussels-Capital,https://elections.fgov.be/elections-du-9-juin-2024-tableaux-des-resultats,https://gisco-services.ec.europa.eu/distribution/v2/nuts/geojson/NUTS_RG_03M_2021_4326_LEVL_2.geojson,MR,MR,632495,518926,27970,546896,86.47,23639,0,first,,,N-VA,N-VA,14472,Belgium,BE10,official,Official SPF Interior Chamber returns; the map shows the locally leading list in each multi-member constituency. Brussels/Flemish-Brabant enrolment and invalid ballots are proportionally apportioned from their exact joint canton totals because facility-municipality ballots are assigned across the constituency boundary.,16
Brussels-Capital,https://elections.fgov.be/elections-du-9-juin-2024-tableaux-des-resultats,https://gisco-services.ec.europa.eu/distribution/v2/nuts/geojson/NUTS_RG_03M_2021_4326_LEVL_2.geojson,MR,MR,632495,518926,27970,546896,86.47,23639,0,first,,,VLAAMS BELANG,VLAAMS BELANG,12754,Belgium,BE10,official,Official SPF Interior Chamber returns; the map shows the locally leading list in each multi-member constituency. Brussels/Flemish-Brabant enrolment and invalid ballots are proportionally apportioned from their exact joint canton totals because facility-municipality ballots are assigned across the constituency boundary.,16
Brussels-Capital,https://elections.fgov.be/elections-du-9-juin-2024-tableaux-des-resultats,https://gisco-services.ec.europa.eu/distribution/v2/nuts/geojson/NUTS_RG_03M_2021_4326_LEVL_2.geojson,MR,MR,632495,518926,27970,546896,86.47,23639,0,first,,,Collectif Citoyen,Collectif Citoyen,6579,Belgium,BE10,official,Official SPF Interior Chamber returns; the map shows the locally leading list in each multi-member constituency. Brussels/Flemish-Brabant enrolment and invalid ballots are proportionally apportioned from their exact joint canton totals because facility-municipality ballots are assigned across the constituency boundary.,16
Brussels-Capital,https://elections.fgov.be/elections-du-9-juin-2024-tableaux-des-resultats,https://gisco-services.ec.europa.eu/distribution/v2/nuts/geojson/NUTS_RG_03M_2021_4326_LEVL_2.geojson,MR,MR,632495,518926,27970,546896,86.47,23639,0,first,,,Parti.j BLANCO,Parti.j BLANCO,3287,Belgium,BE10,official,Official SPF Interior Chamber returns; the map shows the locally leading list in each multi-member constituency. Brussels/Flemish-Brabant enrolment and invalid ballots are proportionally apportioned from their exact joint canton totals because facility-municipality ballots are assigned across the constituency boundary.,16
Brussels-Capital,https://elections.fgov.be/elections-du-9-juin-2024-tableaux-des-resultats,https://gisco-services.ec.europa.eu/distribution/v2/nuts/geojson/NUTS_RG_03M_2021_4326_LEVL_2.geojson,MR,MR,632495,518926,27970,546896,86.47,23639,0,first,,,Volt Europa,Volt Europa,3032,Belgium,BE10,official,Official SPF Interior Chamber returns; the map shows the locally leading list in each multi-member constituency. Brussels/Flemish-Brabant enrolment and invalid ballots are proportionally apportioned from their exact joint canton totals because facility-municipality ballots are assigned across the constituency boundary.,16
Brussels-Capital,https://elections.fgov.be/elections-du-9-juin-2024-tableaux-des-resultats,https://gisco-services.ec.europa.eu/distribution/v2/nuts/geojson/NUTS_RG_03M_2021_4326_LEVL_2.geojson,MR,MR,632495,518926,27970,546896,86.47,23639,0,first,,,LUTTE OUVRIERE,LUTTE OUVRIERE,1872,Belgium,BE10,official,Official SPF Interior Chamber returns; the map shows the locally leading list in each multi-member constituency. Brussels/Flemish-Brabant enrolment and invalid ballots are proportionally apportioned from their exact joint canton totals because facility-municipality ballots are assigned across the constituency boundary.,16
Brussels-Capital,https://elections.fgov.be/elections-du-9-juin-2024-tableaux-des-resultats,https://gisco-services.ec.europa.eu/distribution/v2/nuts/geojson/NUTS_RG_03M_2021_4326_LEVL_2.geojson,MR,MR,632495,518926,27970,546896,86.47,23639,0,first,,,AGORA,AGORA,1688,Belgium,BE10,official,Official SPF Interior Chamber returns; the map shows the locally leading list in each multi-member constituency. Brussels/Flemish-Brabant enrolment and invalid ballots are proportionally apportioned from their exact joint canton totals because facility-municipality ballots are assigned across the constituency boundary.,16
Brussels-Capital,https://elections.fgov.be/elections-du-9-juin-2024-tableaux-des-resultats,https://gisco-services.ec.europa.eu/distribution/v2/nuts/geojson/NUTS_RG_03M_2021_4326_LEVL_2.geojson,MR,MR,632495,518926,27970,546896,86.47,23639,0,first,,,BELG.UNIE-BUB,BELG.UNIE-BUB,1604,Belgium,BE10,official,Official SPF Interior Chamber returns; the map shows the locally leading list in each multi-member constituency. Brussels/Flemish-Brabant enrolment and invalid ballots are proportionally apportioned from their exact joint canton totals because facility-municipality ballots are assigned across the constituency boundary.,16
Brussels-Capital,https://elections.fgov.be/elections-du-9-juin-2024-tableaux-des-resultats,https://gisco-services.ec.europa.eu/distribution/v2/nuts/geojson/NUTS_RG_03M_2021_4326_LEVL_2.geojson,MR,MR,632495,518926,27970,546896,86.47,23639,0,first,,,Voor U / Pour Vous,Voor U / Pour Vous,1534,Belgium,BE10,official,Official SPF Interior Chamber returns; the map shows the locally leading list in each multi-member constituency. Brussels/Flemish-Brabant enrolment and invalid ballots are proportionally apportioned from their exact joint canton totals because facility-municipality ballots are assigned across the constituency boundary.,16
Brussels-Capital,https://elections.fgov.be/elections-du-9-juin-2024-tableaux-des-resultats,https://gisco-services.ec.europa.eu/distribution/v2/nuts/geojson/NUTS_RG_03M_2021_4326_LEVL_2.geojson,MR,MR,632495,518926,27970,546896,86.47,23639,0,first,,,l'Unie,l'Unie,1467,Belgium,BE10,official,Official SPF Interior Chamber returns; the map shows the locally leading list in each multi-member constituency. Brussels/Flemish-Brabant enrolment and invalid ballots are proportionally apportioned from their exact joint canton totals because facility-municipality ballots are assigned across the constituency boundary.,16
Flemish Brabant,https://elections.fgov.be/elections-du-9-juin-2024-tableaux-des-resultats,https://gisco-services.ec.europa.eu/distribution/v2/nuts/geojson/NUTS_RG_03M_2021_4326_LEVL_2.geojson,N-VA,N-VA,873535,716685,38630,755315,86.47,63538,0,first,,,N-VA,N-VA,182883,Belgium,BE24,official,Official SPF Interior Chamber returns; the map shows the locally leading list in each multi-member constituency. Brussels/Flemish-Brabant enrolment and invalid ballots are proportionally apportioned from their exact joint canton totals because facility-municipality ballots are assigned across the constituency boundary.,15
Flemish Brabant,https://elections.fgov.be/elections-du-9-juin-2024-tableaux-des-resultats,https://gisco-services.ec.europa.eu/distribution/v2/nuts/geojson/NUTS_RG_03M_2021_4326_LEVL_2.geojson,N-VA,N-VA,873535,716685,38630,755315,86.47,63538,0,first,,,VLAAMS BELANG,VLAAMS BELANG,119345,Belgium,BE24,official,Official SPF Interior Chamber returns; the map shows the locally leading list in each multi-member constituency. Brussels/Flemish-Brabant enrolment and invalid ballots are proportionally apportioned from their exact joint canton totals because facility-municipality ballots are assigned across the constituency boundary.,15
Flemish Brabant,https://elections.fgov.be/elections-du-9-juin-2024-tableaux-des-resultats,https://gisco-services.ec.europa.eu/distribution/v2/nuts/geojson/NUTS_RG_03M_2021_4326_LEVL_2.geojson,N-VA,N-VA,873535,716685,38630,755315,86.47,63538,0,first,,,Vooruit,Vooruit,98092,Belgium,BE24,official,Official SPF Interior Chamber returns; the map shows the locally leading list in each multi-member constituency. Brussels/Flemish-Brabant enrolment and invalid ballots are proportionally apportioned from their exact joint canton totals because facility-municipality ballots are assigned across the constituency boundary.,15
Flemish Brabant,https://elections.fgov.be/elections-du-9-juin-2024-tableaux-des-resultats,https://gisco-services.ec.europa.eu/distribution/v2/nuts/geojson/NUTS_RG_03M_2021_4326_LEVL_2.geojson,N-VA,N-VA,873535,716685,38630,755315,86.47,63538,0,first,,,cd&v,cd&v,93465,Belgium,BE24,official,Official SPF Interior Chamber returns; the map shows the locally leading list in each multi-member constituency. Brussels/Flemish-Brabant enrolment and invalid ballots are proportionally apportioned from their exact joint canton totals because facility-municipality ballots are assigned across the constituency boundary.,15
Flemish Brabant,https://elections.fgov.be/elections-du-9-juin-2024-tableaux-des-resultats,https://gisco-services.ec.europa.eu/distribution/v2/nuts/geojson/NUTS_RG_03M_2021_4326_LEVL_2.geojson,N-VA,N-VA,873535,716685,38630,755315,86.47,63538,0,first,,,Open Vld,Open Vld,83744,Belgium,BE24,official,Official SPF Interior Chamber returns; the map shows the locally leading list in each multi-member constituency. Brussels/Flemish-Brabant enrolment and invalid ballots are proportionally apportioned from their exact joint canton totals because facility-municipality ballots are assigned across the constituency boundary.,15
Flemish Brabant,https://elections.fgov.be/elections-du-9-juin-2024-tableaux-des-resultats,https://gisco-services.ec.europa.eu/distribution/v2/nuts/geojson/NUTS_RG_03M_2021_4326_LEVL_2.geojson,N-VA,N-VA,873535,716685,38630,755315,86.47,63538,0,first,,,PVDA,PVDA,57600,Belgium,BE24,official,Official SPF Interior Chamber returns; the map shows the locally leading list in each multi-member constituency. Brussels/Flemish-Brabant enrolment and invalid ballots are proportionally apportioned from their exact joint canton totals because facility-municipality ballots are assigned across the constituency boundary.,15
Flemish Brabant,https://elections.fgov.be/elections-du-9-juin-2024-tableaux-des-resultats,https://gisco-services.ec.europa.eu/distribution/v2/nuts/geojson/NUTS_RG_03M_2021_4326_LEVL_2.geojson,N-VA,N-VA,873535,716685,38630,755315,86.47,63538,0,first,,,GROEN,GROEN,57395,Belgium,BE24,official,Official SPF Interior Chamber returns; the map shows the locally leading list in each multi-member constituency. Brussels/Flemish-Brabant enrolment and invalid ballots are proportionally apportioned from their exact joint canton totals because facility-municipality ballots are assigned across the constituency boundary.,15
Flemish Brabant,https://elections.fgov.be/elections-du-9-juin-2024-tableaux-des-resultats,https://gisco-services.ec.europa.eu/distribution/v2/nuts/geojson/NUTS_RG_03M_2021_4326_LEVL_2.geojson,N-VA,N-VA,873535,716685,38630,755315,86.47,63538,0,first,,,Voor U,Voor U,9961,Belgium,BE24,official,Official SPF Interior Chamber returns; the map shows the locally leading list in each multi-member constituency. Brussels/Flemish-Brabant enrolment and invalid ballots are proportionally apportioned from their exact joint canton totals because facility-municipality ballots are assigned across the constituency boundary.,15
Flemish Brabant,https://elections.fgov.be/elections-du-9-juin-2024-tableaux-des-resultats,https://gisco-services.ec.europa.eu/distribution/v2/nuts/geojson/NUTS_RG_03M_2021_4326_LEVL_2.geojson,N-VA,N-VA,873535,716685,38630,755315,86.47,63538,0,first,,,Partij BLANCO,Partij BLANCO,6859,Belgium,BE24,official,Official SPF Interior Chamber returns; the map shows the locally leading list in each multi-member constituency. Brussels/Flemish-Brabant enrolment and invalid ballots are proportionally apportioned from their exact joint canton totals because facility-municipality ballots are assigned across the constituency boundary.,15
Flemish Brabant,https://elections.fgov.be/elections-du-9-juin-2024-tableaux-des-resultats,https://gisco-services.ec.europa.eu/distribution/v2/nuts/geojson/NUTS_RG_03M_2021_4326_LEVL_2.geojson,N-VA,N-VA,873535,716685,38630,755315,86.47,63538,0,first,,,BELG.UNIE-BUB,BELG.UNIE-BUB,4086,Belgium,BE24,official,Official SPF Interior Chamber returns; the map shows the locally leading list in each multi-member constituency. Brussels/Flemish-Brabant enrolment and invalid ballots are proportionally apportioned from their exact joint canton totals because facility-municipality ballots are assigned across the constituency boundary.,15
Flemish Brabant,https://elections.fgov.be/elections-du-9-juin-2024-tableaux-des-resultats,https://gisco-services.ec.europa.eu/distribution/v2/nuts/geojson/NUTS_RG_03M_2021_4326_LEVL_2.geojson,N-VA,N-VA,873535,716685,38630,755315,86.47,63538,0,first,,,l'Unie,l'Unie,3255,Belgium,BE24,official,Official SPF Interior Chamber returns; the map shows the locally leading list in each multi-member constituency. Brussels/Flemish-Brabant enrolment and invalid ballots are proportionally apportioned from their exact joint canton totals because facility-municipality ballots are assigned across the constituency boundary.,15
Walloon Brabant,https://elections.fgov.be/elections-du-9-juin-2024-tableaux-des-resultats,https://gisco-services.ec.europa.eu/distribution/v2/nuts/geojson/NUTS_RG_03M_2021_4326_LEVL_2.geojson,MR,MR,309169,256272,13779,270051,87.35,32409,0,first,,,MR,MR,90486,Belgium,BE31,official,Official SPF Interior Chamber returns; the map shows the locally leading list in each multi-member constituency.,5
Walloon Brabant,https://elections.fgov.be/elections-du-9-juin-2024-tableaux-des-resultats,https://gisco-services.ec.europa.eu/distribution/v2/nuts/geojson/NUTS_RG_03M_2021_4326_LEVL_2.geojson,MR,MR,309169,256272,13779,270051,87.35,32409,0,first,,,LES ENGAGÉS,LES ENGAGÉS,58077,Belgium,BE31,official,Official SPF Interior Chamber returns; the map shows the locally leading list in each multi-member constituency.,5
Walloon Brabant,https://elections.fgov.be/elections-du-9-juin-2024-tableaux-des-resultats,https://gisco-services.ec.europa.eu/distribution/v2/nuts/geojson/NUTS_RG_03M_2021_4326_LEVL_2.geojson,MR,MR,309169,256272,13779,270051,87.35,32409,0,first,,,PS,PS,31741,Belgium,BE31,official,Official SPF Interior Chamber returns; the map shows the locally leading list in each multi-member constituency.,5
Walloon Brabant,https://elections.fgov.be/elections-du-9-juin-2024-tableaux-des-resultats,https://gisco-services.ec.europa.eu/distribution/v2/nuts/geojson/NUTS_RG_03M_2021_4326_LEVL_2.geojson,MR,MR,309169,256272,13779,270051,87.35,32409,0,first,,,ECOLO,ECOLO,23587,Belgium,BE31,official,Official SPF Interior Chamber returns; the map shows the locally leading list in each multi-member constituency.,5
Walloon Brabant,https://elections.fgov.be/elections-du-9-juin-2024-tableaux-des-resultats,https://gisco-services.ec.europa.eu/distribution/v2/nuts/geojson/NUTS_RG_03M_2021_4326_LEVL_2.geojson,MR,MR,309169,256272,13779,270051,87.35,32409,0,first,,,PTB,PTB,20221,Belgium,BE31,official,Official SPF Interior Chamber returns; the map shows the locally leading list in each multi-member constituency.,5
Walloon Brabant,https://elections.fgov.be/elections-du-9-juin-2024-tableaux-des-resultats,https://gisco-services.ec.europa.eu/distribution/v2/nuts/geojson/NUTS_RG_03M_2021_4326_LEVL_2.geojson,MR,MR,309169,256272,13779,270051,87.35,32409,0,first,,,DéFI,DéFI,8750,Belgium,BE31,official,Official SPF Interior Chamber returns; the map shows the locally leading list in each multi-member constituency.,5
Walloon Brabant,https://elections.fgov.be/elections-du-9-juin-2024-tableaux-des-resultats,https://gisco-services.ec.europa.eu/distribution/v2/nuts/geojson/NUTS_RG_03M_2021_4326_LEVL_2.geojson,MR,MR,309169,256272,13779,270051,87.35,32409,0,first,,,N-VA,N-VA,5753,Belgium,BE31,official,Official SPF Interior Chamber returns; the map shows the locally leading list in each multi-member constituency.,5
Walloon Brabant,https://elections.fgov.be/elections-du-9-juin-2024-tableaux-des-resultats,https://gisco-services.ec.europa.eu/distribution/v2/nuts/geojson/NUTS_RG_03M_2021_4326_LEVL_2.geojson,MR,MR,309169,256272,13779,270051,87.35,32409,0,first,,,BLANCO,BLANCO,4830,Belgium,BE31,official,Official SPF Interior Chamber returns; the map shows the locally leading list in each multi-member constituency.,5
Walloon Brabant,https://elections.fgov.be/elections-du-9-juin-2024-tableaux-des-resultats,https://gisco-services.ec.europa.eu/distribution/v2/nuts/geojson/NUTS_RG_03M_2021_4326_LEVL_2.geojson,MR,MR,309169,256272,13779,270051,87.35,32409,0,first,,,Collectif Citoyen,Collectif Citoyen,4781,Belgium,BE31,official,Official SPF Interior Chamber returns; the map shows the locally leading list in each multi-member constituency.,5
Walloon Brabant,https://elections.fgov.be/elections-du-9-juin-2024-tableaux-des-resultats,https://gisco-services.ec.europa.eu/distribution/v2/nuts/geojson/NUTS_RG_03M_2021_4326_LEVL_2.geojson,MR,MR,309169,256272,13779,270051,87.35,32409,0,first,,,CHEZ NOUS,CHEZ NOUS,4659,Belgium,BE31,official,Official SPF Interior Chamber returns; the map shows the locally leading list in each multi-member constituency.,5
Walloon Brabant,https://elections.fgov.be/elections-du-9-juin-2024-tableaux-des-resultats,https://gisco-services.ec.europa.eu/distribution/v2/nuts/geojson/NUTS_RG_03M_2021_4326_LEVL_2.geojson,MR,MR,309169,256272,13779,270051,87.35,32409,0,first,,,BELG.UNIE-BUB,BELG.UNIE-BUB,1003,Belgium,BE31,official,Official SPF Interior Chamber returns; the map shows the locally leading list in each multi-member constituency.,5
Walloon Brabant,https://elections.fgov.be/elections-du-9-juin-2024-tableaux-des-resultats,https://gisco-services.ec.europa.eu/distribution/v2/nuts/geojson/NUTS_RG_03M_2021_4326_LEVL_2.geojson,MR,MR,309169,256272,13779,270051,87.35,32409,0,first,,,l'Unie,l'Unie,918,Belgium,BE31,official,Official SPF Interior Chamber returns; the map shows the locally leading list in each multi-member constituency.,5
Walloon Brabant,https://elections.fgov.be/elections-du-9-juin-2024-tableaux-des-resultats,https://gisco-services.ec.europa.eu/distribution/v2/nuts/geojson/NUTS_RG_03M_2021_4326_LEVL_2.geojson,MR,MR,309169,256272,13779,270051,87.35,32409,0,first,,,AGORA,AGORA,802,Belgium,BE31,official,Official SPF Interior Chamber returns; the map shows the locally leading list in each multi-member constituency.,5
Walloon Brabant,https://elections.fgov.be/elections-du-9-juin-2024-tableaux-des-resultats,https://gisco-services.ec.europa.eu/distribution/v2/nuts/geojson/NUTS_RG_03M_2021_4326_LEVL_2.geojson,MR,MR,309169,256272,13779,270051,87.35,32409,0,first,,,RMC,RMC,664,Belgium,BE31,official,Official SPF Interior Chamber returns; the map shows the locally leading list in each multi-member constituency.,5
West Flanders,https://elections.fgov.be/elections-du-9-juin-2024-tableaux-des-resultats,https://gisco-services.ec.europa.eu/distribution/v2/nuts/geojson/NUTS_RG_03M_2021_4326_LEVL_2.geojson,VLAAMS BELANG,VLAAMS BELANG,952999,827055,39815,866870,90.96,10763,0,first,,,VLAAMS BELANG,VLAAMS BELANG,202800,Belgium,BE25,official,Official SPF Interior Chamber returns; the map shows the locally leading list in each multi-member constituency.,16
West Flanders,https://elections.fgov.be/elections-du-9-juin-2024-tableaux-des-resultats,https://gisco-services.ec.europa.eu/distribution/v2/nuts/geojson/NUTS_RG_03M_2021_4326_LEVL_2.geojson,VLAAMS BELANG,VLAAMS BELANG,952999,827055,39815,866870,90.96,10763,0,first,,,N-VA,N-VA,192037,Belgium,BE25,official,Official SPF Interior Chamber returns; the map shows the locally leading list in each multi-member constituency.,16
West Flanders,https://elections.fgov.be/elections-du-9-juin-2024-tableaux-des-resultats,https://gisco-services.ec.europa.eu/distribution/v2/nuts/geojson/NUTS_RG_03M_2021_4326_LEVL_2.geojson,VLAAMS BELANG,VLAAMS BELANG,952999,827055,39815,866870,90.96,10763,0,first,,,Vooruit,Vooruit,137422,Belgium,BE25,official,Official SPF Interior Chamber returns; the map shows the locally leading list in each multi-member constituency.,16
West Flanders,https://elections.fgov.be/elections-du-9-juin-2024-tableaux-des-resultats,https://gisco-services.ec.europa.eu/distribution/v2/nuts/geojson/NUTS_RG_03M_2021_4326_LEVL_2.geojson,VLAAMS BELANG,VLAAMS BELANG,952999,827055,39815,866870,90.96,10763,0,first,,,cd&v,cd&v,121447,Belgium,BE25,official,Official SPF Interior Chamber returns; the map shows the locally leading list in each multi-member constituency.,16
West Flanders,https://elections.fgov.be/elections-du-9-juin-2024-tableaux-des-resultats,https://gisco-services.ec.europa.eu/distribution/v2/nuts/geojson/NUTS_RG_03M_2021_4326_LEVL_2.geojson,VLAAMS BELANG,VLAAMS BELANG,952999,827055,39815,866870,90.96,10763,0,first,,,Open Vld,Open Vld,65840,Belgium,BE25,official,Official SPF Interior Chamber returns; the map shows the locally leading list in each multi-member constituency.,16
West Flanders,https://elections.fgov.be/elections-du-9-juin-2024-tableaux-des-resultats,https://gisco-services.ec.europa.eu/distribution/v2/nuts/geojson/NUTS_RG_03M_2021_4326_LEVL_2.geojson,VLAAMS BELANG,VLAAMS BELANG,952999,827055,39815,866870,90.96,10763,0,first,,,GROEN,GROEN,45502,Belgium,BE25,official,Official SPF Interior Chamber returns; the map shows the locally leading list in each multi-member constituency.,16
West Flanders,https://elections.fgov.be/elections-du-9-juin-2024-tableaux-des-resultats,https://gisco-services.ec.europa.eu/distribution/v2/nuts/geojson/NUTS_RG_03M_2021_4326_LEVL_2.geojson,VLAAMS BELANG,VLAAMS BELANG,952999,827055,39815,866870,90.96,10763,0,first,,,PVDA,PVDA,44129,Belgium,BE25,official,Official SPF Interior Chamber returns; the map shows the locally leading list in each multi-member constituency.,16
West Flanders,https://elections.fgov.be/elections-du-9-juin-2024-tableaux-des-resultats,https://gisco-services.ec.europa.eu/distribution/v2/nuts/geojson/NUTS_RG_03M_2021_4326_LEVL_2.geojson,VLAAMS BELANG,VLAAMS BELANG,952999,827055,39815,866870,90.96,10763,0,first,,,Voor U,Voor U,9700,Belgium,BE25,official,Official SPF Interior Chamber returns; the map shows the locally leading list in each multi-member constituency.,16
West Flanders,https://elections.fgov.be/elections-du-9-juin-2024-tableaux-des-resultats,https://gisco-services.ec.europa.eu/distribution/v2/nuts/geojson/NUTS_RG_03M_2021_4326_LEVL_2.geojson,VLAAMS BELANG,VLAAMS BELANG,952999,827055,39815,866870,90.96,10763,0,first,,,Partij BLANCO,Partij BLANCO,8178,Belgium,BE25,official,Official SPF Interior Chamber returns; the map shows the locally leading list in each multi-member constituency.,16
East Flanders,https://elections.fgov.be/elections-du-9-juin-2024-tableaux-des-resultats,https://gisco-services.ec.europa.eu/distribution/v2/nuts/geojson/NUTS_RG_03M_2021_4326_LEVL_2.geojson,VLAAMS BELANG,VLAAMS BELANG,1182578,1038657,44712,1083369,91.61,3418,0,first,,,VLAAMS BELANG,VLAAMS BELANG,234888,Belgium,BE23,official,Official SPF Interior Chamber returns; the map shows the locally leading list in each multi-member constituency.,20
East Flanders,https://elections.fgov.be/elections-du-9-juin-2024-tableaux-des-resultats,https://gisco-services.ec.europa.eu/distribution/v2/nuts/geojson/NUTS_RG_03M_2021_4326_LEVL_2.geojson,VLAAMS BELANG,VLAAMS BELANG,1182578,1038657,44712,1083369,91.61,3418,0,first,,,N-VA,N-VA,231470,Belgium,BE23,official,Official SPF Interior Chamber returns; the map shows the locally leading list in each multi-member constituency.,20
East Flanders,https://elections.fgov.be/elections-du-9-juin-2024-tableaux-des-resultats,https://gisco-services.ec.europa.eu/distribution/v2/nuts/geojson/NUTS_RG_03M_2021_4326_LEVL_2.geojson,VLAAMS BELANG,VLAAMS BELANG,1182578,1038657,44712,1083369,91.61,3418,0,first,,,Vooruit,Vooruit,127758,Belgium,BE23,official,Official SPF Interior Chamber returns; the map shows the locally leading list in each multi-member constituency.,20
East Flanders,https://elections.fgov.be/elections-du-9-juin-2024-tableaux-des-resultats,https://gisco-services.ec.europa.eu/distribution/v2/nuts/geojson/NUTS_RG_03M_2021_4326_LEVL_2.geojson,VLAAMS BELANG,VLAAMS BELANG,1182578,1038657,44712,1083369,91.61,3418,0,first,,,cd&v,cd&v,125871,Belgium,BE23,official,Official SPF Interior Chamber returns; the map shows the locally leading list in each multi-member constituency.,20
East Flanders,https://elections.fgov.be/elections-du-9-juin-2024-tableaux-des-resultats,https://gisco-services.ec.europa.eu/distribution/v2/nuts/geojson/NUTS_RG_03M_2021_4326_LEVL_2.geojson,VLAAMS BELANG,VLAAMS BELANG,1182578,1038657,44712,1083369,91.61,3418,0,first,,,Open Vld,Open Vld,119200,Belgium,BE23,official,Official SPF Interior Chamber returns; the map shows the locally leading list in each multi-member constituency.,20
East Flanders,https://elections.fgov.be/elections-du-9-juin-2024-tableaux-des-resultats,https://gisco-services.ec.europa.eu/distribution/v2/nuts/geojson/NUTS_RG_03M_2021_4326_LEVL_2.geojson,VLAAMS BELANG,VLAAMS BELANG,1182578,1038657,44712,1083369,91.61,3418,0,first,,,GROEN,GROEN,103722,Belgium,BE23,official,Official SPF Interior Chamber returns; the map shows the locally leading list in each multi-member constituency.,20
East Flanders,https://elections.fgov.be/elections-du-9-juin-2024-tableaux-des-resultats,https://gisco-services.ec.europa.eu/distribution/v2/nuts/geojson/NUTS_RG_03M_2021_4326_LEVL_2.geojson,VLAAMS BELANG,VLAAMS BELANG,1182578,1038657,44712,1083369,91.61,3418,0,first,,,PVDA,PVDA,75942,Belgium,BE23,official,Official SPF Interior Chamber returns; the map shows the locally leading list in each multi-member constituency.,20
East Flanders,https://elections.fgov.be/elections-du-9-juin-2024-tableaux-des-resultats,https://gisco-services.ec.europa.eu/distribution/v2/nuts/geojson/NUTS_RG_03M_2021_4326_LEVL_2.geojson,VLAAMS BELANG,VLAAMS BELANG,1182578,1038657,44712,1083369,91.61,3418,0,first,,,Partij BLANCO,Partij BLANCO,8057,Belgium,BE23,official,Official SPF Interior Chamber returns; the map shows the locally leading list in each multi-member constituency.,20
East Flanders,https://elections.fgov.be/elections-du-9-juin-2024-tableaux-des-resultats,https://gisco-services.ec.europa.eu/distribution/v2/nuts/geojson/NUTS_RG_03M_2021_4326_LEVL_2.geojson,VLAAMS BELANG,VLAAMS BELANG,1182578,1038657,44712,1083369,91.61,3418,0,first,,,Voor U,Voor U,8007,Belgium,BE23,official,Official SPF Interior Chamber returns; the map shows the locally leading list in each multi-member constituency.,20
East Flanders,https://elections.fgov.be/elections-du-9-juin-2024-tableaux-des-resultats,https://gisco-services.ec.europa.eu/distribution/v2/nuts/geojson/NUTS_RG_03M_2021_4326_LEVL_2.geojson,VLAAMS BELANG,VLAAMS BELANG,1182578,1038657,44712,1083369,91.61,3418,0,first,,,GV-GEZOND VERSTAND,GV-GEZOND VERSTAND,2352,Belgium,BE23,official,Official SPF Interior Chamber returns; the map shows the locally leading list in each multi-member constituency.,20
East Flanders,https://elections.fgov.be/elections-du-9-juin-2024-tableaux-des-resultats,https://gisco-services.ec.europa.eu/distribution/v2/nuts/geojson/NUTS_RG_03M_2021_4326_LEVL_2.geojson,VLAAMS BELANG,VLAAMS BELANG,1182578,1038657,44712,1083369,91.61,3418,0,first,,,BELG.UNIE-BUB,BELG.UNIE-BUB,1390,Belgium,BE23,official,Official SPF Interior Chamber returns; the map shows the locally leading list in each multi-member constituency.,20
Hainaut,https://elections.fgov.be/elections-du-9-juin-2024-tableaux-des-resultats,https://gisco-services.ec.europa.eu/distribution/v2/nuts/geojson/NUTS_RG_03M_2021_4326_LEVL_2.geojson,PS,PS,963104,739851,79718,819569,85.1,20742,0,first,,,PS,PS,213501,Belgium,BE32,official,Official SPF Interior Chamber returns; the map shows the locally leading list in each multi-member constituency.,17
Hainaut,https://elections.fgov.be/elections-du-9-juin-2024-tableaux-des-resultats,https://gisco-services.ec.europa.eu/distribution/v2/nuts/geojson/NUTS_RG_03M_2021_4326_LEVL_2.geojson,PS,PS,963104,739851,79718,819569,85.1,20742,0,first,,,MR,MR,192759,Belgium,BE32,official,Official SPF Interior Chamber returns; the map shows the locally leading list in each multi-member constituency.,17
Hainaut,https://elections.fgov.be/elections-du-9-juin-2024-tableaux-des-resultats,https://gisco-services.ec.europa.eu/distribution/v2/nuts/geojson/NUTS_RG_03M_2021_4326_LEVL_2.geojson,PS,PS,963104,739851,79718,819569,85.1,20742,0,first,,,LES ENGAGÉS,LES ENGAGÉS,114559,Belgium,BE32,official,Official SPF Interior Chamber returns; the map shows the locally leading list in each multi-member constituency.,17
Hainaut,https://elections.fgov.be/elections-du-9-juin-2024-tableaux-des-resultats,https://gisco-services.ec.europa.eu/distribution/v2/nuts/geojson/NUTS_RG_03M_2021_4326_LEVL_2.geojson,PS,PS,963104,739851,79718,819569,85.1,20742,0,first,,,PTB,PTB,103339,Belgium,BE32,official,Official SPF Interior Chamber returns; the map shows the locally leading list in each multi-member constituency.,17
Hainaut,https://elections.fgov.be/elections-du-9-juin-2024-tableaux-des-resultats,https://gisco-services.ec.europa.eu/distribution/v2/nuts/geojson/NUTS_RG_03M_2021_4326_LEVL_2.geojson,PS,PS,963104,739851,79718,819569,85.1,20742,0,first,,,ECOLO,ECOLO,36750,Belgium,BE32,official,Official SPF Interior Chamber returns; the map shows the locally leading list in each multi-member constituency.,17
Hainaut,https://elections.fgov.be/elections-du-9-juin-2024-tableaux-des-resultats,https://gisco-services.ec.europa.eu/distribution/v2/nuts/geojson/NUTS_RG_03M_2021_4326_LEVL_2.geojson,PS,PS,963104,739851,79718,819569,85.1,20742,0,first,,,Chez Nous,Chez Nous,22039,Belgium,BE32,official,Official SPF Interior Chamber returns; the map shows the locally leading list in each multi-member constituency.,17
Hainaut,https://elections.fgov.be/elections-du-9-juin-2024-tableaux-des-resultats,https://gisco-services.ec.europa.eu/distribution/v2/nuts/geojson/NUTS_RG_03M_2021_4326_LEVL_2.geojson,PS,PS,963104,739851,79718,819569,85.1,20742,0,first,,,DéFI,DéFI,15189,Belgium,BE32,official,Official SPF Interior Chamber returns; the map shows the locally leading list in each multi-member constituency.,17
Hainaut,https://elections.fgov.be/elections-du-9-juin-2024-tableaux-des-resultats,https://gisco-services.ec.europa.eu/distribution/v2/nuts/geojson/NUTS_RG_03M_2021_4326_LEVL_2.geojson,PS,PS,963104,739851,79718,819569,85.1,20742,0,first,,,N-VA,N-VA,14184,Belgium,BE32,official,Official SPF Interior Chamber returns; the map shows the locally leading list in each multi-member constituency.,17
Hainaut,https://elections.fgov.be/elections-du-9-juin-2024-tableaux-des-resultats,https://gisco-services.ec.europa.eu/distribution/v2/nuts/geojson/NUTS_RG_03M_2021_4326_LEVL_2.geojson,PS,PS,963104,739851,79718,819569,85.1,20742,0,first,,,BLANCO,BLANCO,13224,Belgium,BE32,official,Official SPF Interior Chamber returns; the map shows the locally leading list in each multi-member constituency.,17
Hainaut,https://elections.fgov.be/elections-du-9-juin-2024-tableaux-des-resultats,https://gisco-services.ec.europa.eu/distribution/v2/nuts/geojson/NUTS_RG_03M_2021_4326_LEVL_2.geojson,PS,PS,963104,739851,79718,819569,85.1,20742,0,first,,,Collectif Citoyen,Collectif Citoyen,7201,Belgium,BE32,official,Official SPF Interior Chamber returns; the map shows the locally leading list in each multi-member constituency.,17
Hainaut,https://elections.fgov.be/elections-du-9-juin-2024-tableaux-des-resultats,https://gisco-services.ec.europa.eu/distribution/v2/nuts/geojson/NUTS_RG_03M_2021_4326_LEVL_2.geojson,PS,PS,963104,739851,79718,819569,85.1,20742,0,first,,,LUTTE OUVRIERE,LUTTE OUVRIERE,4680,Belgium,BE32,official,Official SPF Interior Chamber returns; the map shows the locally leading list in each multi-member constituency.,17
Hainaut,https://elections.fgov.be/elections-du-9-juin-2024-tableaux-des-resultats,https://gisco-services.ec.europa.eu/distribution/v2/nuts/geojson/NUTS_RG_03M_2021_4326_LEVL_2.geojson,PS,PS,963104,739851,79718,819569,85.1,20742,0,first,,,BELG.UNIE-BUB,BELG.UNIE-BUB,2426,Belgium,BE32,official,Official SPF Interior Chamber returns; the map shows the locally leading list in each multi-member constituency.,17
Liège,https://elections.fgov.be/elections-du-9-juin-2024-tableaux-des-resultats,https://gisco-services.ec.europa.eu/distribution/v2/nuts/geojson/NUTS_RG_03M_2021_4326_LEVL_2.geojson,MR,MR,810049,631915,53780,685695,84.65,41853,0,first,,,MR,MR,179296,Belgium,BE33,official,Official SPF Interior Chamber returns; the map shows the locally leading list in each multi-member constituency.,14
Liège,https://elections.fgov.be/elections-du-9-juin-2024-tableaux-des-resultats,https://gisco-services.ec.europa.eu/distribution/v2/nuts/geojson/NUTS_RG_03M_2021_4326_LEVL_2.geojson,MR,MR,810049,631915,53780,685695,84.65,41853,0,first,,,PS,PS,137443,Belgium,BE33,official,Official SPF Interior Chamber returns; the map shows the locally leading list in each multi-member constituency.,14
Liège,https://elections.fgov.be/elections-du-9-juin-2024-tableaux-des-resultats,https://gisco-services.ec.europa.eu/distribution/v2/nuts/geojson/NUTS_RG_03M_2021_4326_LEVL_2.geojson,MR,MR,810049,631915,53780,685695,84.65,41853,0,first,,,LES ENGAGÉS,LES ENGAGÉS,103711,Belgium,BE33,official,Official SPF Interior Chamber returns; the map shows the locally leading list in each multi-member constituency.,14
Liège,https://elections.fgov.be/elections-du-9-juin-2024-tableaux-des-resultats,https://gisco-services.ec.europa.eu/distribution/v2/nuts/geojson/NUTS_RG_03M_2021_4326_LEVL_2.geojson,MR,MR,810049,631915,53780,685695,84.65,41853,0,first,,,PTB,PTB,91188,Belgium,BE33,official,Official SPF Interior Chamber returns; the map shows the locally leading list in each multi-member constituency.,14
Liège,https://elections.fgov.be/elections-du-9-juin-2024-tableaux-des-resultats,https://gisco-services.ec.europa.eu/distribution/v2/nuts/geojson/NUTS_RG_03M_2021_4326_LEVL_2.geojson,MR,MR,810049,631915,53780,685695,84.65,41853,0,first,,,ECOLO,ECOLO,49936,Belgium,BE33,official,Official SPF Interior Chamber returns; the map shows the locally leading list in each multi-member constituency.,14
Liège,https://elections.fgov.be/elections-du-9-juin-2024-tableaux-des-resultats,https://gisco-services.ec.europa.eu/distribution/v2/nuts/geojson/NUTS_RG_03M_2021_4326_LEVL_2.geojson,MR,MR,810049,631915,53780,685695,84.65,41853,0,first,,,CHEZ NOUS,CHEZ NOUS,21877,Belgium,BE33,official,Official SPF Interior Chamber returns; the map shows the locally leading list in each multi-member constituency.,14
Liège,https://elections.fgov.be/elections-du-9-juin-2024-tableaux-des-resultats,https://gisco-services.ec.europa.eu/distribution/v2/nuts/geojson/NUTS_RG_03M_2021_4326_LEVL_2.geojson,MR,MR,810049,631915,53780,685695,84.65,41853,0,first,,,DéFI,DéFI,13816,Belgium,BE33,official,Official SPF Interior Chamber returns; the map shows the locally leading list in each multi-member constituency.,14
Liège,https://elections.fgov.be/elections-du-9-juin-2024-tableaux-des-resultats,https://gisco-services.ec.europa.eu/distribution/v2/nuts/geojson/NUTS_RG_03M_2021_4326_LEVL_2.geojson,MR,MR,810049,631915,53780,685695,84.65,41853,0,first,,,N-VA,N-VA,10840,Belgium,BE33,official,Official SPF Interior Chamber returns; the map shows the locally leading list in each multi-member constituency.,14
Liège,https://elections.fgov.be/elections-du-9-juin-2024-tableaux-des-resultats,https://gisco-services.ec.europa.eu/distribution/v2/nuts/geojson/NUTS_RG_03M_2021_4326_LEVL_2.geojson,MR,MR,810049,631915,53780,685695,84.65,41853,0,first,,,BLANCO,BLANCO,10656,Belgium,BE33,official,Official SPF Interior Chamber returns; the map shows the locally leading list in each multi-member constituency.,14
Liège,https://elections.fgov.be/elections-du-9-juin-2024-tableaux-des-resultats,https://gisco-services.ec.europa.eu/distribution/v2/nuts/geojson/NUTS_RG_03M_2021_4326_LEVL_2.geojson,MR,MR,810049,631915,53780,685695,84.65,41853,0,first,,,Collectif Citoyen,Collectif Citoyen,8289,Belgium,BE33,official,Official SPF Interior Chamber returns; the map shows the locally leading list in each multi-member constituency.,14
Liège,https://elections.fgov.be/elections-du-9-juin-2024-tableaux-des-resultats,https://gisco-services.ec.europa.eu/distribution/v2/nuts/geojson/NUTS_RG_03M_2021_4326_LEVL_2.geojson,MR,MR,810049,631915,53780,685695,84.65,41853,0,first,,,RMC,RMC,3361,Belgium,BE33,official,Official SPF Interior Chamber returns; the map shows the locally leading list in each multi-member constituency.,14
Liège,https://elections.fgov.be/elections-du-9-juin-2024-tableaux-des-resultats,https://gisco-services.ec.europa.eu/distribution/v2/nuts/geojson/NUTS_RG_03M_2021_4326_LEVL_2.geojson,MR,MR,810049,631915,53780,685695,84.65,41853,0,first,,,BELG.UNIE-BUB,BELG.UNIE-BUB,1502,Belgium,BE33,official,Official SPF Interior Chamber returns; the map shows the locally leading list in each multi-member constituency.,14
Limburg,https://elections.fgov.be/elections-du-9-juin-2024-tableaux-des-resultats,https://gisco-services.ec.europa.eu/distribution/v2/nuts/geojson/NUTS_RG_03M_2021_4326_LEVL_2.geojson,VLAAMS BELANG,VLAAMS BELANG,659619,576774,29320,606094,91.89,5382,0,first,,,VLAAMS BELANG,VLAAMS BELANG,141988,Belgium,BE22,official,Official SPF Interior Chamber returns; the map shows the locally leading list in each multi-member constituency.,12
Limburg,https://elections.fgov.be/elections-du-9-juin-2024-tableaux-des-resultats,https://gisco-services.ec.europa.eu/distribution/v2/nuts/geojson/NUTS_RG_03M_2021_4326_LEVL_2.geojson,VLAAMS BELANG,VLAAMS BELANG,659619,576774,29320,606094,91.89,5382,0,first,,,N-VA,N-VA,136606,Belgium,BE22,official,Official SPF Interior Chamber returns; the map shows the locally leading list in each multi-member constituency.,12
Limburg,https://elections.fgov.be/elections-du-9-juin-2024-tableaux-des-resultats,https://gisco-services.ec.europa.eu/distribution/v2/nuts/geojson/NUTS_RG_03M_2021_4326_LEVL_2.geojson,VLAAMS BELANG,VLAAMS BELANG,659619,576774,29320,606094,91.89,5382,0,first,,,cd&v,cd&v,90715,Belgium,BE22,official,Official SPF Interior Chamber returns; the map shows the locally leading list in each multi-member constituency.,12
Limburg,https://elections.fgov.be/elections-du-9-juin-2024-tableaux-des-resultats,https://gisco-services.ec.europa.eu/distribution/v2/nuts/geojson/NUTS_RG_03M_2021_4326_LEVL_2.geojson,VLAAMS BELANG,VLAAMS BELANG,659619,576774,29320,606094,91.89,5382,0,first,,,Vooruit,Vooruit,75191,Belgium,BE22,official,Official SPF Interior Chamber returns; the map shows the locally leading list in each multi-member constituency.,12
Limburg,https://elections.fgov.be/elections-du-9-juin-2024-tableaux-des-resultats,https://gisco-services.ec.europa.eu/distribution/v2/nuts/geojson/NUTS_RG_03M_2021_4326_LEVL_2.geojson,VLAAMS BELANG,VLAAMS BELANG,659619,576774,29320,606094,91.89,5382,0,first,,,PVDA,PVDA,52303,Belgium,BE22,official,Official SPF Interior Chamber returns; the map shows the locally leading list in each multi-member constituency.,12
Limburg,https://elections.fgov.be/elections-du-9-juin-2024-tableaux-des-resultats,https://gisco-services.ec.europa.eu/distribution/v2/nuts/geojson/NUTS_RG_03M_2021_4326_LEVL_2.geojson,VLAAMS BELANG,VLAAMS BELANG,659619,576774,29320,606094,91.89,5382,0,first,,,Open Vld,Open Vld,40985,Belgium,BE22,official,Official SPF Interior Chamber returns; the map shows the locally leading list in each multi-member constituency.,12
Limburg,https://elections.fgov.be/elections-du-9-juin-2024-tableaux-des-resultats,https://gisco-services.ec.europa.eu/distribution/v2/nuts/geojson/NUTS_RG_03M_2021_4326_LEVL_2.geojson,VLAAMS BELANG,VLAAMS BELANG,659619,576774,29320,606094,91.89,5382,0,first,,,GROEN,GROEN,27619,Belgium,BE22,official,Official SPF Interior Chamber returns; the map shows the locally leading list in each multi-member constituency.,12
Limburg,https://elections.fgov.be/elections-du-9-juin-2024-tableaux-des-resultats,https://gisco-services.ec.europa.eu/distribution/v2/nuts/geojson/NUTS_RG_03M_2021_4326_LEVL_2.geojson,VLAAMS BELANG,VLAAMS BELANG,659619,576774,29320,606094,91.89,5382,0,first,,,Voor U,Voor U,5505,Belgium,BE22,official,Official SPF Interior Chamber returns; the map shows the locally leading list in each multi-member constituency.,12
Limburg,https://elections.fgov.be/elections-du-9-juin-2024-tableaux-des-resultats,https://gisco-services.ec.europa.eu/distribution/v2/nuts/geojson/NUTS_RG_03M_2021_4326_LEVL_2.geojson,VLAAMS BELANG,VLAAMS BELANG,659619,576774,29320,606094,91.89,5382,0,first,,,Partij BLANCO,Partij BLANCO,4660,Belgium,BE22,official,Official SPF Interior Chamber returns; the map shows the locally leading list in each multi-member constituency.,12
Limburg,https://elections.fgov.be/elections-du-9-juin-2024-tableaux-des-resultats,https://gisco-services.ec.europa.eu/distribution/v2/nuts/geojson/NUTS_RG_03M_2021_4326_LEVL_2.geojson,VLAAMS BELANG,VLAAMS BELANG,659619,576774,29320,606094,91.89,5382,0,first,,,BELG.UNIE-BUB,BELG.UNIE-BUB,1202,Belgium,BE22,official,Official SPF Interior Chamber returns; the map shows the locally leading list in each multi-member constituency.,12
Luxembourg,https://elections.fgov.be/elections-du-9-juin-2024-tableaux-des-resultats,https://gisco-services.ec.europa.eu/distribution/v2/nuts/geojson/NUTS_RG_03M_2021_4326_LEVL_2.geojson,LES ENGAGÉS,LES ENGAGÉS,220550,175409,18282,193691,87.82,2093,0,first,,,LES ENGAGÉS,LES ENGAGÉS,56289,Belgium,BE34,official,Official SPF Interior Chamber returns; the map shows the locally leading list in each multi-member constituency.,4
Luxembourg,https://elections.fgov.be/elections-du-9-juin-2024-tableaux-des-resultats,https://gisco-services.ec.europa.eu/distribution/v2/nuts/geojson/NUTS_RG_03M_2021_4326_LEVL_2.geojson,LES ENGAGÉS,LES ENGAGÉS,220550,175409,18282,193691,87.82,2093,0,first,,,MR,MR,54196,Belgium,BE34,official,Official SPF Interior Chamber returns; the map shows the locally leading list in each multi-member constituency.,4
Luxembourg,https://elections.fgov.be/elections-du-9-juin-2024-tableaux-des-resultats,https://gisco-services.ec.europa.eu/distribution/v2/nuts/geojson/NUTS_RG_03M_2021_4326_LEVL_2.geojson,LES ENGAGÉS,LES ENGAGÉS,220550,175409,18282,193691,87.82,2093,0,first,,,PS,PS,29488,Belgium,BE34,official,Official SPF Interior Chamber returns; the map shows the locally leading list in each multi-member constituency.,4
Luxembourg,https://elections.fgov.be/elections-du-9-juin-2024-tableaux-des-resultats,https://gisco-services.ec.europa.eu/distribution/v2/nuts/geojson/NUTS_RG_03M_2021_4326_LEVL_2.geojson,LES ENGAGÉS,LES ENGAGÉS,220550,175409,18282,193691,87.82,2093,0,first,,,ECOLO,ECOLO,13506,Belgium,BE34,official,Official SPF Interior Chamber returns; the map shows the locally leading list in each multi-member constituency.,4
Luxembourg,https://elections.fgov.be/elections-du-9-juin-2024-tableaux-des-resultats,https://gisco-services.ec.europa.eu/distribution/v2/nuts/geojson/NUTS_RG_03M_2021_4326_LEVL_2.geojson,LES ENGAGÉS,LES ENGAGÉS,220550,175409,18282,193691,87.82,2093,0,first,,,CHEZ NOUS,CHEZ NOUS,5888,Belgium,BE34,official,Official SPF Interior Chamber returns; the map shows the locally leading list in each multi-member constituency.,4
Luxembourg,https://elections.fgov.be/elections-du-9-juin-2024-tableaux-des-resultats,https://gisco-services.ec.europa.eu/distribution/v2/nuts/geojson/NUTS_RG_03M_2021_4326_LEVL_2.geojson,LES ENGAGÉS,LES ENGAGÉS,220550,175409,18282,193691,87.82,2093,0,first,,,N-VA,N-VA,4413,Belgium,BE34,official,Official SPF Interior Chamber returns; the map shows the locally leading list in each multi-member constituency.,4
Luxembourg,https://elections.fgov.be/elections-du-9-juin-2024-tableaux-des-resultats,https://gisco-services.ec.europa.eu/distribution/v2/nuts/geojson/NUTS_RG_03M_2021_4326_LEVL_2.geojson,LES ENGAGÉS,LES ENGAGÉS,220550,175409,18282,193691,87.82,2093,0,first,,,Collectif Citoyen,Collectif Citoyen,4300,Belgium,BE34,official,Official SPF Interior Chamber returns; the map shows the locally leading list in each multi-member constituency.,4
Luxembourg,https://elections.fgov.be/elections-du-9-juin-2024-tableaux-des-resultats,https://gisco-services.ec.europa.eu/distribution/v2/nuts/geojson/NUTS_RG_03M_2021_4326_LEVL_2.geojson,LES ENGAGÉS,LES ENGAGÉS,220550,175409,18282,193691,87.82,2093,0,first,,,DéFI,DéFI,3975,Belgium,BE34,official,Official SPF Interior Chamber returns; the map shows the locally leading list in each multi-member constituency.,4
Luxembourg,https://elections.fgov.be/elections-du-9-juin-2024-tableaux-des-resultats,https://gisco-services.ec.europa.eu/distribution/v2/nuts/geojson/NUTS_RG_03M_2021_4326_LEVL_2.geojson,LES ENGAGÉS,LES ENGAGÉS,220550,175409,18282,193691,87.82,2093,0,first,,,BLANCO,BLANCO,3354,Belgium,BE34,official,Official SPF Interior Chamber returns; the map shows the locally leading list in each multi-member constituency.,4
Namur,https://elections.fgov.be/elections-du-9-juin-2024-tableaux-des-resultats,https://gisco-services.ec.europa.eu/distribution/v2/nuts/geojson/NUTS_RG_03M_2021_4326_LEVL_2.geojson,LES ENGAGÉS,LES ENGAGÉS,390007,312175,26171,338346,86.75,10652,0,first,,,LES ENGAGÉS,LES ENGAGÉS,90694,Belgium,BE35,official,Official SPF Interior Chamber returns; the map shows the locally leading list in each multi-member constituency.,7
Namur,https://elections.fgov.be/elections-du-9-juin-2024-tableaux-des-resultats,https://gisco-services.ec.europa.eu/distribution/v2/nuts/geojson/NUTS_RG_03M_2021_4326_LEVL_2.geojson,LES ENGAGÉS,LES ENGAGÉS,390007,312175,26171,338346,86.75,10652,0,first,,,MR,MR,80042,Belgium,BE35,official,Official SPF Interior Chamber returns; the map shows the locally leading list in each multi-member constituency.,7
Namur,https://elections.fgov.be/elections-du-9-juin-2024-tableaux-des-resultats,https://gisco-services.ec.europa.eu/distribution/v2/nuts/geojson/NUTS_RG_03M_2021_4326_LEVL_2.geojson,LES ENGAGÉS,LES ENGAGÉS,390007,312175,26171,338346,86.75,10652,0,first,,,PS,PS,52913,Belgium,BE35,official,Official SPF Interior Chamber returns; the map shows the locally leading list in each multi-member constituency.,7
Namur,https://elections.fgov.be/elections-du-9-juin-2024-tableaux-des-resultats,https://gisco-services.ec.europa.eu/distribution/v2/nuts/geojson/NUTS_RG_03M_2021_4326_LEVL_2.geojson,LES ENGAGÉS,LES ENGAGÉS,390007,312175,26171,338346,86.75,10652,0,first,,,PTB,PTB,31463,Belgium,BE35,official,Official SPF Interior Chamber returns; the map shows the locally leading list in each multi-member constituency.,7
Namur,https://elections.fgov.be/elections-du-9-juin-2024-tableaux-des-resultats,https://gisco-services.ec.europa.eu/distribution/v2/nuts/geojson/NUTS_RG_03M_2021_4326_LEVL_2.geojson,LES ENGAGÉS,LES ENGAGÉS,390007,312175,26171,338346,86.75,10652,0,first,,,ECOLO,ECOLO,22014,Belgium,BE35,official,Official SPF Interior Chamber returns; the map shows the locally leading list in each multi-member constituency.,7
Namur,https://elections.fgov.be/elections-du-9-juin-2024-tableaux-des-resultats,https://gisco-services.ec.europa.eu/distribution/v2/nuts/geojson/NUTS_RG_03M_2021_4326_LEVL_2.geojson,LES ENGAGÉS,LES ENGAGÉS,390007,312175,26171,338346,86.75,10652,0,first,,,CHEZ NOUS,CHEZ NOUS,9595,Belgium,BE35,official,Official SPF Interior Chamber returns; the map shows the locally leading list in each multi-member constituency.,7
Namur,https://elections.fgov.be/elections-du-9-juin-2024-tableaux-des-resultats,https://gisco-services.ec.europa.eu/distribution/v2/nuts/geojson/NUTS_RG_03M_2021_4326_LEVL_2.geojson,LES ENGAGÉS,LES ENGAGÉS,390007,312175,26171,338346,86.75,10652,0,first,,,DéFI,DéFI,8151,Belgium,BE35,official,Official SPF Interior Chamber returns; the map shows the locally leading list in each multi-member constituency.,7
Namur,https://elections.fgov.be/elections-du-9-juin-2024-tableaux-des-resultats,https://gisco-services.ec.europa.eu/distribution/v2/nuts/geojson/NUTS_RG_03M_2021_4326_LEVL_2.geojson,LES ENGAGÉS,LES ENGAGÉS,390007,312175,26171,338346,86.75,10652,0,first,,,N-VA,N-VA,5526,Belgium,BE35,official,Official SPF Interior Chamber returns; the map shows the locally leading list in each multi-member constituency.,7
Namur,https://elections.fgov.be/elections-du-9-juin-2024-tableaux-des-resultats,https://gisco-services.ec.europa.eu/distribution/v2/nuts/geojson/NUTS_RG_03M_2021_4326_LEVL_2.geojson,LES ENGAGÉS,LES ENGAGÉS,390007,312175,26171,338346,86.75,10652,0,first,,,BLANCO,BLANCO,5357,Belgium,BE35,official,Official SPF Interior Chamber returns; the map shows the locally leading list in each multi-member constituency.,7
Namur,https://elections.fgov.be/elections-du-9-juin-2024-tableaux-des-resultats,https://gisco-services.ec.europa.eu/distribution/v2/nuts/geojson/NUTS_RG_03M_2021_4326_LEVL_2.geojson,LES ENGAGÉS,LES ENGAGÉS,390007,312175,26171,338346,86.75,10652,0,first,,,Collectif Citoyen,Collectif Citoyen,4556,Belgium,BE35,official,Official SPF Interior Chamber returns; the map shows the locally leading list in each multi-member constituency.,7
Namur,https://elections.fgov.be/elections-du-9-juin-2024-tableaux-des-resultats,https://gisco-services.ec.europa.eu/distribution/v2/nuts/geojson/NUTS_RG_03M_2021_4326_LEVL_2.geojson,LES ENGAGÉS,LES ENGAGÉS,390007,312175,26171,338346,86.75,10652,0,first,,,AGORA,AGORA,983,Belgium,BE35,official,Official SPF Interior Chamber returns; the map shows the locally leading list in each multi-member constituency.,7
Namur,https://elections.fgov.be/elections-du-9-juin-2024-tableaux-des-resultats,https://gisco-services.ec.europa.eu/distribution/v2/nuts/geojson/NUTS_RG_03M_2021_4326_LEVL_2.geojson,LES ENGAGÉS,LES ENGAGÉS,390007,312175,26171,338346,86.75,10652,0,first,,,BELG.UNIE-BUB,BELG.UNIE-BUB,881,Belgium,BE35,official,Official SPF Interior Chamber returns; the map shows the locally leading list in each multi-member constituency.,7
