district,district_url,distribution_url,elected_member,elected_party,enrolment,formal_votes,informal_votes,total_votes,turnout_pct,majority,round_number,row_type,excluded_candidate,excluded_party,candidate,candidate_party,votes
Arafura,https://ntec.nt.gov.au/elections/past-elections/legislative-assembly/2020-territory-election/results/arafura,https://ntec.nt.gov.au/elections/past-elections/legislative-assembly/2020-territory-election/results/arafura,Lawrence COSTA,Australian Labor Party NT Branch,5183,2591,142,2733,52.73,1296,0,first,,,Lawrence COSTA,Australian Labor Party NT Branch,1269
Arafura,https://ntec.nt.gov.au/elections/past-elections/legislative-assembly/2020-territory-election/results/arafura,https://ntec.nt.gov.au/elections/past-elections/legislative-assembly/2020-territory-election/results/arafura,Lawrence COSTA,Australian Labor Party NT Branch,5183,2591,142,2733,52.73,1296,0,first,,,Gibson ILLORTAMINNI,Country Liberal Party of the Northern Territory,1041
Arafura,https://ntec.nt.gov.au/elections/past-elections/legislative-assembly/2020-territory-election/results/arafura,https://ntec.nt.gov.au/elections/past-elections/legislative-assembly/2020-territory-election/results/arafura,Lawrence COSTA,Australian Labor Party NT Branch,5183,2591,142,2733,52.73,1296,0,first,,,Tristan James MUNGATOPI,Independent,199
Arafura,https://ntec.nt.gov.au/elections/past-elections/legislative-assembly/2020-territory-election/results/arafura,https://ntec.nt.gov.au/elections/past-elections/legislative-assembly/2020-territory-election/results/arafura,Lawrence COSTA,Australian Labor Party NT Branch,5183,2591,142,2733,52.73,1296,0,first,,,George LAUGHTON,Territory Alliance,82
Arafura,https://ntec.nt.gov.au/elections/past-elections/legislative-assembly/2020-territory-election/results/arafura,https://ntec.nt.gov.au/elections/past-elections/legislative-assembly/2020-territory-election/results/arafura,Lawrence COSTA,Australian Labor Party NT Branch,5183,2591,142,2733,52.73,1296,1,final,,,Lawrence COSTA,Australian Labor Party NT Branch,1388
Arafura,https://ntec.nt.gov.au/elections/past-elections/legislative-assembly/2020-territory-election/results/arafura,https://ntec.nt.gov.au/elections/past-elections/legislative-assembly/2020-territory-election/results/arafura,Lawrence COSTA,Australian Labor Party NT Branch,5183,2591,142,2733,52.73,1296,1,final,,,Gibson ILLORTAMINNI,Country Liberal Party of the Northern Territory,1203
Araluen,https://ntec.nt.gov.au/elections/past-elections/legislative-assembly/2020-territory-election/results/araluen,https://ntec.nt.gov.au/elections/past-elections/legislative-assembly/2020-territory-election/results/araluen,Robyn LAMBLEY,Territory Alliance,5742,4364,157,4521,78.74,2183,0,first,,,Damien RYAN,Country Liberal Party of the Northern Territory,1659
Araluen,https://ntec.nt.gov.au/elections/past-elections/legislative-assembly/2020-territory-election/results/araluen,https://ntec.nt.gov.au/elections/past-elections/legislative-assembly/2020-territory-election/results/araluen,Robyn LAMBLEY,Territory Alliance,5742,4364,157,4521,78.74,2183,0,first,,,Robyn LAMBLEY,Territory Alliance,1276
Araluen,https://ntec.nt.gov.au/elections/past-elections/legislative-assembly/2020-territory-election/results/araluen,https://ntec.nt.gov.au/elections/past-elections/legislative-assembly/2020-territory-election/results/araluen,Robyn LAMBLEY,Territory Alliance,5742,4364,157,4521,78.74,2183,0,first,,,Jackson ANKERS,Australian Labor Party NT Branch,789
Araluen,https://ntec.nt.gov.au/elections/past-elections/legislative-assembly/2020-territory-election/results/araluen,https://ntec.nt.gov.au/elections/past-elections/legislative-assembly/2020-territory-election/results/araluen,Robyn LAMBLEY,Territory Alliance,5742,4364,157,4521,78.74,2183,0,first,,,Bernard HICKEY,NT Greens,455
Araluen,https://ntec.nt.gov.au/elections/past-elections/legislative-assembly/2020-territory-election/results/araluen,https://ntec.nt.gov.au/elections/past-elections/legislative-assembly/2020-territory-election/results/araluen,Robyn LAMBLEY,Territory Alliance,5742,4364,157,4521,78.74,2183,0,first,,,Domenico PECORARI,Federation Party Northern Territory,114
Araluen,https://ntec.nt.gov.au/elections/past-elections/legislative-assembly/2020-territory-election/results/araluen,https://ntec.nt.gov.au/elections/past-elections/legislative-assembly/2020-territory-election/results/araluen,Robyn LAMBLEY,Territory Alliance,5742,4364,157,4521,78.74,2183,0,first,,,Wayne WRIGHT,Independent,71
Araluen,https://ntec.nt.gov.au/elections/past-elections/legislative-assembly/2020-territory-election/results/araluen,https://ntec.nt.gov.au/elections/past-elections/legislative-assembly/2020-territory-election/results/araluen,Robyn LAMBLEY,Territory Alliance,5742,4364,157,4521,78.74,2183,1,final,,,Robyn LAMBLEY,Territory Alliance,2203
Araluen,https://ntec.nt.gov.au/elections/past-elections/legislative-assembly/2020-territory-election/results/araluen,https://ntec.nt.gov.au/elections/past-elections/legislative-assembly/2020-territory-election/results/araluen,Robyn LAMBLEY,Territory Alliance,5742,4364,157,4521,78.74,2183,1,final,,,Damien RYAN,Country Liberal Party of the Northern Territory,2161
Arnhem,https://ntec.nt.gov.au/elections/past-elections/legislative-assembly/2020-territory-election/results/arnhem,https://ntec.nt.gov.au/elections/past-elections/legislative-assembly/2020-territory-election/results/arnhem,Selena UIBO,Australian Labor Party NT Branch,5431,2924,232,3156,58.11,1463,0,first,,,Selena UIBO,Australian Labor Party NT Branch,1207
Arnhem,https://ntec.nt.gov.au/elections/past-elections/legislative-assembly/2020-territory-election/results/arnhem,https://ntec.nt.gov.au/elections/past-elections/legislative-assembly/2020-territory-election/results/arnhem,Selena UIBO,Australian Labor Party NT Branch,5431,2924,232,3156,58.11,1463,0,first,,,Ian Mongunu GUMBULA,Independent,987
Arnhem,https://ntec.nt.gov.au/elections/past-elections/legislative-assembly/2020-territory-election/results/arnhem,https://ntec.nt.gov.au/elections/past-elections/legislative-assembly/2020-territory-election/results/arnhem,Selena UIBO,Australian Labor Party NT Branch,5431,2924,232,3156,58.11,1463,0,first,,,Jerry AMATO,Country Liberal Party of the Northern Territory,487
Arnhem,https://ntec.nt.gov.au/elections/past-elections/legislative-assembly/2020-territory-election/results/arnhem,https://ntec.nt.gov.au/elections/past-elections/legislative-assembly/2020-territory-election/results/arnhem,Selena UIBO,Australian Labor Party NT Branch,5431,2924,232,3156,58.11,1463,0,first,,,Lance LAWRENCE,Independent,243
Arnhem,https://ntec.nt.gov.au/elections/past-elections/legislative-assembly/2020-territory-election/results/arnhem,https://ntec.nt.gov.au/elections/past-elections/legislative-assembly/2020-territory-election/results/arnhem,Selena UIBO,Australian Labor Party NT Branch,5431,2924,232,3156,58.11,1463,1,final,,,Selena UIBO,Australian Labor Party NT Branch,1508
Arnhem,https://ntec.nt.gov.au/elections/past-elections/legislative-assembly/2020-territory-election/results/arnhem,https://ntec.nt.gov.au/elections/past-elections/legislative-assembly/2020-territory-election/results/arnhem,Selena UIBO,Australian Labor Party NT Branch,5431,2924,232,3156,58.11,1463,1,final,,,Ian Mongunu GUMBULA,Independent,1416
Barkly,https://ntec.nt.gov.au/elections/past-elections/legislative-assembly/2020-territory-election/results/barkly,https://ntec.nt.gov.au/elections/past-elections/legislative-assembly/2020-territory-election/results/barkly,Steve EDGINGTON,Country Liberal Party of the Northern Territory,5690,3441,156,3597,63.22,1721,0,first,,,Steve EDGINGTON,Country Liberal Party of the Northern Territory,1431
Barkly,https://ntec.nt.gov.au/elections/past-elections/legislative-assembly/2020-territory-election/results/barkly,https://ntec.nt.gov.au/elections/past-elections/legislative-assembly/2020-territory-election/results/barkly,Steve EDGINGTON,Country Liberal Party of the Northern Territory,5690,3441,156,3597,63.22,1721,0,first,,,Sid VASHIST,Australian Labor Party NT Branch,1238
Barkly,https://ntec.nt.gov.au/elections/past-elections/legislative-assembly/2020-territory-election/results/barkly,https://ntec.nt.gov.au/elections/past-elections/legislative-assembly/2020-territory-election/results/barkly,Steve EDGINGTON,Country Liberal Party of the Northern Territory,5690,3441,156,3597,63.22,1721,0,first,,,Gadrian HOOSAN,Independent,663
Barkly,https://ntec.nt.gov.au/elections/past-elections/legislative-assembly/2020-territory-election/results/barkly,https://ntec.nt.gov.au/elections/past-elections/legislative-assembly/2020-territory-election/results/barkly,Steve EDGINGTON,Country Liberal Party of the Northern Territory,5690,3441,156,3597,63.22,1721,0,first,,,Daniel MULHOLLAND,Independent,109
Barkly,https://ntec.nt.gov.au/elections/past-elections/legislative-assembly/2020-territory-election/results/barkly,https://ntec.nt.gov.au/elections/past-elections/legislative-assembly/2020-territory-election/results/barkly,Steve EDGINGTON,Country Liberal Party of the Northern Territory,5690,3441,156,3597,63.22,1721,1,final,,,Steve EDGINGTON,Country Liberal Party of the Northern Territory,1724
Barkly,https://ntec.nt.gov.au/elections/past-elections/legislative-assembly/2020-territory-election/results/barkly,https://ntec.nt.gov.au/elections/past-elections/legislative-assembly/2020-territory-election/results/barkly,Steve EDGINGTON,Country Liberal Party of the Northern Territory,5690,3441,156,3597,63.22,1721,1,final,,,Sid VASHIST,Australian Labor Party NT Branch,1717
Blain,https://ntec.nt.gov.au/elections/past-elections/legislative-assembly/2020-territory-election/results/blain,https://ntec.nt.gov.au/elections/past-elections/legislative-assembly/2020-territory-election/results/blain,Mark TURNER,Australian Labor Party NT Branch,5695,4177,138,4315,75.77,2089,0,first,,,Mark TURNER,Australian Labor Party NT Branch,1729
Blain,https://ntec.nt.gov.au/elections/past-elections/legislative-assembly/2020-territory-election/results/blain,https://ntec.nt.gov.au/elections/past-elections/legislative-assembly/2020-territory-election/results/blain,Mark TURNER,Australian Labor Party NT Branch,5695,4177,138,4315,75.77,2089,0,first,,,Matthew KERLE,Country Liberal Party of the Northern Territory,1489
Blain,https://ntec.nt.gov.au/elections/past-elections/legislative-assembly/2020-territory-election/results/blain,https://ntec.nt.gov.au/elections/past-elections/legislative-assembly/2020-territory-election/results/blain,Mark TURNER,Australian Labor Party NT Branch,5695,4177,138,4315,75.77,2089,0,first,,,Terry MILLS,Territory Alliance,959
Blain,https://ntec.nt.gov.au/elections/past-elections/legislative-assembly/2020-territory-election/results/blain,https://ntec.nt.gov.au/elections/past-elections/legislative-assembly/2020-territory-election/results/blain,Mark TURNER,Australian Labor Party NT Branch,5695,4177,138,4315,75.77,2089,1,final,,,Mark TURNER,Australian Labor Party NT Branch,2095
Blain,https://ntec.nt.gov.au/elections/past-elections/legislative-assembly/2020-territory-election/results/blain,https://ntec.nt.gov.au/elections/past-elections/legislative-assembly/2020-territory-election/results/blain,Mark TURNER,Australian Labor Party NT Branch,5695,4177,138,4315,75.77,2089,1,final,,,Matthew KERLE,Country Liberal Party of the Northern Territory,2082
Braitling,https://ntec.nt.gov.au/elections/past-elections/legislative-assembly/2020-territory-election/results/braitling,https://ntec.nt.gov.au/elections/past-elections/legislative-assembly/2020-territory-election/results/braitling,Joshua BURGOYNE,Country Liberal Party of the Northern Territory,5830,4395,137,4532,77.74,2198,0,first,,,Joshua BURGOYNE,Country Liberal Party of the Northern Territory,1548
Braitling,https://ntec.nt.gov.au/elections/past-elections/legislative-assembly/2020-territory-election/results/braitling,https://ntec.nt.gov.au/elections/past-elections/legislative-assembly/2020-territory-election/results/braitling,Joshua BURGOYNE,Country Liberal Party of the Northern Territory,5830,4395,137,4532,77.74,2198,0,first,,,Dale WAKEFIELD,Australian Labor Party NT Branch,993
Braitling,https://ntec.nt.gov.au/elections/past-elections/legislative-assembly/2020-territory-election/results/braitling,https://ntec.nt.gov.au/elections/past-elections/legislative-assembly/2020-territory-election/results/braitling,Joshua BURGOYNE,Country Liberal Party of the Northern Territory,5830,4395,137,4532,77.74,2198,0,first,,,Kim HOPPER,Independent,648
Braitling,https://ntec.nt.gov.au/elections/past-elections/legislative-assembly/2020-territory-election/results/braitling,https://ntec.nt.gov.au/elections/past-elections/legislative-assembly/2020-territory-election/results/braitling,Joshua BURGOYNE,Country Liberal Party of the Northern Territory,5830,4395,137,4532,77.74,2198,0,first,,,Dale MCIVER,Territory Alliance,488
Braitling,https://ntec.nt.gov.au/elections/past-elections/legislative-assembly/2020-territory-election/results/braitling,https://ntec.nt.gov.au/elections/past-elections/legislative-assembly/2020-territory-election/results/braitling,Joshua BURGOYNE,Country Liberal Party of the Northern Territory,5830,4395,137,4532,77.74,2198,0,first,,,Chris TOMLINS,NT Greens,379
Braitling,https://ntec.nt.gov.au/elections/past-elections/legislative-assembly/2020-territory-election/results/braitling,https://ntec.nt.gov.au/elections/past-elections/legislative-assembly/2020-territory-election/results/braitling,Joshua BURGOYNE,Country Liberal Party of the Northern Territory,5830,4395,137,4532,77.74,2198,0,first,,,Scott MCCONNELL,Independent,199
Braitling,https://ntec.nt.gov.au/elections/past-elections/legislative-assembly/2020-territory-election/results/braitling,https://ntec.nt.gov.au/elections/past-elections/legislative-assembly/2020-territory-election/results/braitling,Joshua BURGOYNE,Country Liberal Party of the Northern Territory,5830,4395,137,4532,77.74,2198,0,first,,,Marli BANKS,Federation Party Northern Territory,140
Braitling,https://ntec.nt.gov.au/elections/past-elections/legislative-assembly/2020-territory-election/results/braitling,https://ntec.nt.gov.au/elections/past-elections/legislative-assembly/2020-territory-election/results/braitling,Joshua BURGOYNE,Country Liberal Party of the Northern Territory,5830,4395,137,4532,77.74,2198,1,final,,,Joshua BURGOYNE,Country Liberal Party of the Northern Territory,2254
Braitling,https://ntec.nt.gov.au/elections/past-elections/legislative-assembly/2020-territory-election/results/braitling,https://ntec.nt.gov.au/elections/past-elections/legislative-assembly/2020-territory-election/results/braitling,Joshua BURGOYNE,Country Liberal Party of the Northern Territory,5830,4395,137,4532,77.74,2198,1,final,,,Dale WAKEFIELD,Australian Labor Party NT Branch,2141
Brennan,https://ntec.nt.gov.au/elections/past-elections/legislative-assembly/2020-territory-election/results/brennan,https://ntec.nt.gov.au/elections/past-elections/legislative-assembly/2020-territory-election/results/brennan,Marie-Clare BOOTHBY,Country Liberal Party of the Northern Territory,5746,4380,146,4526,78.77,2191,0,first,,,Tony SIEVERS,Australian Labor Party NT Branch,1760
Brennan,https://ntec.nt.gov.au/elections/past-elections/legislative-assembly/2020-territory-election/results/brennan,https://ntec.nt.gov.au/elections/past-elections/legislative-assembly/2020-territory-election/results/brennan,Marie-Clare BOOTHBY,Country Liberal Party of the Northern Territory,5746,4380,146,4526,78.77,2191,0,first,,,Marie-Clare BOOTHBY,Country Liberal Party of the Northern Territory,1730
Brennan,https://ntec.nt.gov.au/elections/past-elections/legislative-assembly/2020-territory-election/results/brennan,https://ntec.nt.gov.au/elections/past-elections/legislative-assembly/2020-territory-election/results/brennan,Marie-Clare BOOTHBY,Country Liberal Party of the Northern Territory,5746,4380,146,4526,78.77,2191,0,first,,,Abraham MBEMAP,Territory Alliance,477
Brennan,https://ntec.nt.gov.au/elections/past-elections/legislative-assembly/2020-territory-election/results/brennan,https://ntec.nt.gov.au/elections/past-elections/legislative-assembly/2020-territory-election/results/brennan,Marie-Clare BOOTHBY,Country Liberal Party of the Northern Territory,5746,4380,146,4526,78.77,2191,0,first,,,Peter CHANDLER,Independent,413
Brennan,https://ntec.nt.gov.au/elections/past-elections/legislative-assembly/2020-territory-election/results/brennan,https://ntec.nt.gov.au/elections/past-elections/legislative-assembly/2020-territory-election/results/brennan,Marie-Clare BOOTHBY,Country Liberal Party of the Northern Territory,5746,4380,146,4526,78.77,2191,1,final,,,Marie-Clare BOOTHBY,Country Liberal Party of the Northern Territory,2242
Brennan,https://ntec.nt.gov.au/elections/past-elections/legislative-assembly/2020-territory-election/results/brennan,https://ntec.nt.gov.au/elections/past-elections/legislative-assembly/2020-territory-election/results/brennan,Marie-Clare BOOTHBY,Country Liberal Party of the Northern Territory,5746,4380,146,4526,78.77,2191,1,final,,,Tony SIEVERS,Australian Labor Party NT Branch,2138
Casuarina,https://ntec.nt.gov.au/elections/past-elections/legislative-assembly/2020-territory-election/results/casuarina,https://ntec.nt.gov.au/elections/past-elections/legislative-assembly/2020-territory-election/results/casuarina,Lauren MOSS,Australian Labor Party NT Branch,5647,4601,117,4718,83.55,2301,0,first,,,Lauren MOSS,Australian Labor Party NT Branch,2307
Casuarina,https://ntec.nt.gov.au/elections/past-elections/legislative-assembly/2020-territory-election/results/casuarina,https://ntec.nt.gov.au/elections/past-elections/legislative-assembly/2020-territory-election/results/casuarina,Lauren MOSS,Australian Labor Party NT Branch,5647,4601,117,4718,83.55,2301,0,first,,,Tony SCHELLING,Country Liberal Party of the Northern Territory,1012
Casuarina,https://ntec.nt.gov.au/elections/past-elections/legislative-assembly/2020-territory-election/results/casuarina,https://ntec.nt.gov.au/elections/past-elections/legislative-assembly/2020-territory-election/results/casuarina,Lauren MOSS,Australian Labor Party NT Branch,5647,4601,117,4718,83.55,2301,0,first,,,Danial KELLY,Territory Alliance,730
Casuarina,https://ntec.nt.gov.au/elections/past-elections/legislative-assembly/2020-territory-election/results/casuarina,https://ntec.nt.gov.au/elections/past-elections/legislative-assembly/2020-territory-election/results/casuarina,Lauren MOSS,Australian Labor Party NT Branch,5647,4601,117,4718,83.55,2301,0,first,,,Kendall TRUDGEN,NT Greens,552
Casuarina,https://ntec.nt.gov.au/elections/past-elections/legislative-assembly/2020-territory-election/results/casuarina,https://ntec.nt.gov.au/elections/past-elections/legislative-assembly/2020-territory-election/results/casuarina,Lauren MOSS,Australian Labor Party NT Branch,5647,4601,117,4718,83.55,2301,1,final,,,Lauren MOSS,Australian Labor Party NT Branch,3035
Casuarina,https://ntec.nt.gov.au/elections/past-elections/legislative-assembly/2020-territory-election/results/casuarina,https://ntec.nt.gov.au/elections/past-elections/legislative-assembly/2020-territory-election/results/casuarina,Lauren MOSS,Australian Labor Party NT Branch,5647,4601,117,4718,83.55,2301,1,final,,,Tony SCHELLING,Country Liberal Party of the Northern Territory,1566
Daly,https://ntec.nt.gov.au/elections/past-elections/legislative-assembly/2020-territory-election/results/daly,https://ntec.nt.gov.au/elections/past-elections/legislative-assembly/2020-territory-election/results/daly,Ian SLOAN,Country Liberal Party of the Northern Territory,5622,3874,257,4131,73.48,1938,0,first,,,Ian SLOAN,Country Liberal Party of the Northern Territory,1386
Daly,https://ntec.nt.gov.au/elections/past-elections/legislative-assembly/2020-territory-election/results/daly,https://ntec.nt.gov.au/elections/past-elections/legislative-assembly/2020-territory-election/results/daly,Ian SLOAN,Country Liberal Party of the Northern Territory,5622,3874,257,4131,73.48,1938,0,first,,,Anthony VENES,Australian Labor Party NT Branch,1321
Daly,https://ntec.nt.gov.au/elections/past-elections/legislative-assembly/2020-territory-election/results/daly,https://ntec.nt.gov.au/elections/past-elections/legislative-assembly/2020-territory-election/results/daly,Ian SLOAN,Country Liberal Party of the Northern Territory,5622,3874,257,4131,73.48,1938,0,first,,,Regina MCCARTHY,Territory Alliance,708
Daly,https://ntec.nt.gov.au/elections/past-elections/legislative-assembly/2020-territory-election/results/daly,https://ntec.nt.gov.au/elections/past-elections/legislative-assembly/2020-territory-election/results/daly,Ian SLOAN,Country Liberal Party of the Northern Territory,5622,3874,257,4131,73.48,1938,0,first,,,Will KEMP,NT Greens,324
Daly,https://ntec.nt.gov.au/elections/past-elections/legislative-assembly/2020-territory-election/results/daly,https://ntec.nt.gov.au/elections/past-elections/legislative-assembly/2020-territory-election/results/daly,Ian SLOAN,Country Liberal Party of the Northern Territory,5622,3874,257,4131,73.48,1938,0,first,,,Mick DENIGAN,Independent,135
Daly,https://ntec.nt.gov.au/elections/past-elections/legislative-assembly/2020-territory-election/results/daly,https://ntec.nt.gov.au/elections/past-elections/legislative-assembly/2020-territory-election/results/daly,Ian SLOAN,Country Liberal Party of the Northern Territory,5622,3874,257,4131,73.48,1938,1,final,,,Ian SLOAN,Country Liberal Party of the Northern Territory,1984
Daly,https://ntec.nt.gov.au/elections/past-elections/legislative-assembly/2020-territory-election/results/daly,https://ntec.nt.gov.au/elections/past-elections/legislative-assembly/2020-territory-election/results/daly,Ian SLOAN,Country Liberal Party of the Northern Territory,5622,3874,257,4131,73.48,1938,1,final,,,Anthony VENES,Australian Labor Party NT Branch,1890
Drysdale,https://ntec.nt.gov.au/elections/past-elections/legislative-assembly/2020-territory-election/results/drysdale,https://ntec.nt.gov.au/elections/past-elections/legislative-assembly/2020-territory-election/results/drysdale,Eva LAWLER,Australian Labor Party NT Branch,5828,3905,204,4109,70.5,1953,0,first,,,Eva LAWLER,Australian Labor Party NT Branch,1648
Drysdale,https://ntec.nt.gov.au/elections/past-elections/legislative-assembly/2020-territory-election/results/drysdale,https://ntec.nt.gov.au/elections/past-elections/legislative-assembly/2020-territory-election/results/drysdale,Eva LAWLER,Australian Labor Party NT Branch,5828,3905,204,4109,70.5,1953,0,first,,,Leanne BUTLER,Country Liberal Party of the Northern Territory,1023
Drysdale,https://ntec.nt.gov.au/elections/past-elections/legislative-assembly/2020-territory-election/results/drysdale,https://ntec.nt.gov.au/elections/past-elections/legislative-assembly/2020-territory-election/results/drysdale,Eva LAWLER,Australian Labor Party NT Branch,5828,3905,204,4109,70.5,1953,0,first,,,Fiona LYNCH,Territory Alliance,533
Drysdale,https://ntec.nt.gov.au/elections/past-elections/legislative-assembly/2020-territory-election/results/drysdale,https://ntec.nt.gov.au/elections/past-elections/legislative-assembly/2020-territory-election/results/drysdale,Eva LAWLER,Australian Labor Party NT Branch,5828,3905,204,4109,70.5,1953,0,first,,,Lash LISSON,Ban Fracking Fix Crime Protect Water,226
Drysdale,https://ntec.nt.gov.au/elections/past-elections/legislative-assembly/2020-territory-election/results/drysdale,https://ntec.nt.gov.au/elections/past-elections/legislative-assembly/2020-territory-election/results/drysdale,Eva LAWLER,Australian Labor Party NT Branch,5828,3905,204,4109,70.5,1953,0,first,,,Danielle EVELEIGH,Independent,211
Drysdale,https://ntec.nt.gov.au/elections/past-elections/legislative-assembly/2020-territory-election/results/drysdale,https://ntec.nt.gov.au/elections/past-elections/legislative-assembly/2020-territory-election/results/drysdale,Eva LAWLER,Australian Labor Party NT Branch,5828,3905,204,4109,70.5,1953,0,first,,,Raj Samson RAJWIN,Independent,179
Drysdale,https://ntec.nt.gov.au/elections/past-elections/legislative-assembly/2020-territory-election/results/drysdale,https://ntec.nt.gov.au/elections/past-elections/legislative-assembly/2020-territory-election/results/drysdale,Eva LAWLER,Australian Labor Party NT Branch,5828,3905,204,4109,70.5,1953,0,first,,,Brendan KILLALEA,Independent,85
Drysdale,https://ntec.nt.gov.au/elections/past-elections/legislative-assembly/2020-territory-election/results/drysdale,https://ntec.nt.gov.au/elections/past-elections/legislative-assembly/2020-territory-election/results/drysdale,Eva LAWLER,Australian Labor Party NT Branch,5828,3905,204,4109,70.5,1953,1,final,,,Eva LAWLER,Australian Labor Party NT Branch,2261
Drysdale,https://ntec.nt.gov.au/elections/past-elections/legislative-assembly/2020-territory-election/results/drysdale,https://ntec.nt.gov.au/elections/past-elections/legislative-assembly/2020-territory-election/results/drysdale,Eva LAWLER,Australian Labor Party NT Branch,5828,3905,204,4109,70.5,1953,1,final,,,Leanne BUTLER,Country Liberal Party of the Northern Territory,1644
Fannie Bay,https://ntec.nt.gov.au/elections/past-elections/legislative-assembly/2020-territory-election/results/fannie-bay,https://ntec.nt.gov.au/elections/past-elections/legislative-assembly/2020-territory-election/results/fannie-bay,Michael GUNNER,Australian Labor Party NT Branch,5473,4345,85,4430,80.94,2173,0,first,,,Michael GUNNER,Australian Labor Party NT Branch,2095
Fannie Bay,https://ntec.nt.gov.au/elections/past-elections/legislative-assembly/2020-territory-election/results/fannie-bay,https://ntec.nt.gov.au/elections/past-elections/legislative-assembly/2020-territory-election/results/fannie-bay,Michael GUNNER,Australian Labor Party NT Branch,5473,4345,85,4430,80.94,2173,0,first,,,Tracey HAYES,Country Liberal Party of the Northern Territory,1510
Fannie Bay,https://ntec.nt.gov.au/elections/past-elections/legislative-assembly/2020-territory-election/results/fannie-bay,https://ntec.nt.gov.au/elections/past-elections/legislative-assembly/2020-territory-election/results/fannie-bay,Michael GUNNER,Australian Labor Party NT Branch,5473,4345,85,4430,80.94,2173,0,first,,,Peter ROBERTSON,NT Greens,444
Fannie Bay,https://ntec.nt.gov.au/elections/past-elections/legislative-assembly/2020-territory-election/results/fannie-bay,https://ntec.nt.gov.au/elections/past-elections/legislative-assembly/2020-territory-election/results/fannie-bay,Michael GUNNER,Australian Labor Party NT Branch,5473,4345,85,4430,80.94,2173,0,first,,,Rebecca JENNINGS,Territory Alliance,242
Fannie Bay,https://ntec.nt.gov.au/elections/past-elections/legislative-assembly/2020-territory-election/results/fannie-bay,https://ntec.nt.gov.au/elections/past-elections/legislative-assembly/2020-territory-election/results/fannie-bay,Michael GUNNER,Australian Labor Party NT Branch,5473,4345,85,4430,80.94,2173,0,first,,,Mark MACKENZIE,Independent,54
Fannie Bay,https://ntec.nt.gov.au/elections/past-elections/legislative-assembly/2020-territory-election/results/fannie-bay,https://ntec.nt.gov.au/elections/past-elections/legislative-assembly/2020-territory-election/results/fannie-bay,Michael GUNNER,Australian Labor Party NT Branch,5473,4345,85,4430,80.94,2173,1,final,,,Michael GUNNER,Australian Labor Party NT Branch,2588
Fannie Bay,https://ntec.nt.gov.au/elections/past-elections/legislative-assembly/2020-territory-election/results/fannie-bay,https://ntec.nt.gov.au/elections/past-elections/legislative-assembly/2020-territory-election/results/fannie-bay,Michael GUNNER,Australian Labor Party NT Branch,5473,4345,85,4430,80.94,2173,1,final,,,Tracey HAYES,Country Liberal Party of the Northern Territory,1757
Fong Lim,https://ntec.nt.gov.au/elections/past-elections/legislative-assembly/2020-territory-election/results/fong-lim,https://ntec.nt.gov.au/elections/past-elections/legislative-assembly/2020-territory-election/results/fong-lim,Mark MONAGHAN,Australian Labor Party NT Branch,5555,4175,130,4305,77.5,2088,0,first,,,Mark MONAGHAN,Australian Labor Party NT Branch,1756
Fong Lim,https://ntec.nt.gov.au/elections/past-elections/legislative-assembly/2020-territory-election/results/fong-lim,https://ntec.nt.gov.au/elections/past-elections/legislative-assembly/2020-territory-election/results/fong-lim,Mark MONAGHAN,Australian Labor Party NT Branch,5555,4175,130,4305,77.5,2088,0,first,,,Kylie BONANNI,Country Liberal Party of the Northern Territory,1488
Fong Lim,https://ntec.nt.gov.au/elections/past-elections/legislative-assembly/2020-territory-election/results/fong-lim,https://ntec.nt.gov.au/elections/past-elections/legislative-assembly/2020-territory-election/results/fong-lim,Mark MONAGHAN,Australian Labor Party NT Branch,5555,4175,130,4305,77.5,2088,0,first,,,Jeff COLLINS,Territory Alliance,497
Fong Lim,https://ntec.nt.gov.au/elections/past-elections/legislative-assembly/2020-territory-election/results/fong-lim,https://ntec.nt.gov.au/elections/past-elections/legislative-assembly/2020-territory-election/results/fong-lim,Mark MONAGHAN,Australian Labor Party NT Branch,5555,4175,130,4305,77.5,2088,0,first,,,Amye UN,Independent,434
Fong Lim,https://ntec.nt.gov.au/elections/past-elections/legislative-assembly/2020-territory-election/results/fong-lim,https://ntec.nt.gov.au/elections/past-elections/legislative-assembly/2020-territory-election/results/fong-lim,Mark MONAGHAN,Australian Labor Party NT Branch,5555,4175,130,4305,77.5,2088,1,final,,,Mark MONAGHAN,Australian Labor Party NT Branch,2197
Fong Lim,https://ntec.nt.gov.au/elections/past-elections/legislative-assembly/2020-territory-election/results/fong-lim,https://ntec.nt.gov.au/elections/past-elections/legislative-assembly/2020-territory-election/results/fong-lim,Mark MONAGHAN,Australian Labor Party NT Branch,5555,4175,130,4305,77.5,2088,1,final,,,Kylie BONANNI,Country Liberal Party of the Northern Territory,1978
Goyder,https://ntec.nt.gov.au/elections/past-elections/legislative-assembly/2020-territory-election/results/goyder,https://ntec.nt.gov.au/elections/past-elections/legislative-assembly/2020-territory-election/results/goyder,Kezia PURICK,Independent,5583,4695,189,4884,87.48,2348,0,first,,,Kezia PURICK,Independent,1459
Goyder,https://ntec.nt.gov.au/elections/past-elections/legislative-assembly/2020-territory-election/results/goyder,https://ntec.nt.gov.au/elections/past-elections/legislative-assembly/2020-territory-election/results/goyder,Kezia PURICK,Independent,5583,4695,189,4884,87.48,2348,0,first,,,Phil BATTYE,Country Liberal Party of the Northern Territory,1289
Goyder,https://ntec.nt.gov.au/elections/past-elections/legislative-assembly/2020-territory-election/results/goyder,https://ntec.nt.gov.au/elections/past-elections/legislative-assembly/2020-territory-election/results/goyder,Kezia PURICK,Independent,5583,4695,189,4884,87.48,2348,0,first,,,Rachael WRIGHT,Territory Alliance,614
Goyder,https://ntec.nt.gov.au/elections/past-elections/legislative-assembly/2020-territory-election/results/goyder,https://ntec.nt.gov.au/elections/past-elections/legislative-assembly/2020-territory-election/results/goyder,Kezia PURICK,Independent,5583,4695,189,4884,87.48,2348,0,first,,,Mick TAYLOR,Australian Labor Party NT Branch,590
Goyder,https://ntec.nt.gov.au/elections/past-elections/legislative-assembly/2020-territory-election/results/goyder,https://ntec.nt.gov.au/elections/past-elections/legislative-assembly/2020-territory-election/results/goyder,Kezia PURICK,Independent,5583,4695,189,4884,87.48,2348,0,first,,,Pauline CASS,Independent,283
Goyder,https://ntec.nt.gov.au/elections/past-elections/legislative-assembly/2020-territory-election/results/goyder,https://ntec.nt.gov.au/elections/past-elections/legislative-assembly/2020-territory-election/results/goyder,Kezia PURICK,Independent,5583,4695,189,4884,87.48,2348,0,first,,,Ted WARREN,Independent,249
Goyder,https://ntec.nt.gov.au/elections/past-elections/legislative-assembly/2020-territory-election/results/goyder,https://ntec.nt.gov.au/elections/past-elections/legislative-assembly/2020-territory-election/results/goyder,Kezia PURICK,Independent,5583,4695,189,4884,87.48,2348,0,first,,,Karen FLETCHER,NT Greens,147
Goyder,https://ntec.nt.gov.au/elections/past-elections/legislative-assembly/2020-territory-election/results/goyder,https://ntec.nt.gov.au/elections/past-elections/legislative-assembly/2020-territory-election/results/goyder,Kezia PURICK,Independent,5583,4695,189,4884,87.48,2348,0,first,,,Trevor JENKINS,Independent,64
Goyder,https://ntec.nt.gov.au/elections/past-elections/legislative-assembly/2020-territory-election/results/goyder,https://ntec.nt.gov.au/elections/past-elections/legislative-assembly/2020-territory-election/results/goyder,Kezia PURICK,Independent,5583,4695,189,4884,87.48,2348,1,final,,,Kezia PURICK,Independent,2665
Goyder,https://ntec.nt.gov.au/elections/past-elections/legislative-assembly/2020-territory-election/results/goyder,https://ntec.nt.gov.au/elections/past-elections/legislative-assembly/2020-territory-election/results/goyder,Kezia PURICK,Independent,5583,4695,189,4884,87.48,2348,1,final,,,Phil BATTYE,Country Liberal Party of the Northern Territory,2030
Gwoja,https://ntec.nt.gov.au/elections/past-elections/legislative-assembly/2020-territory-election/results/gwoja,https://ntec.nt.gov.au/elections/past-elections/legislative-assembly/2020-territory-election/results/gwoja,Chansey PAECH,Australian Labor Party NT Branch,5313,2658,148,2806,52.81,1330,0,first,,,Chansey PAECH,Australian Labor Party NT Branch,1612
Gwoja,https://ntec.nt.gov.au/elections/past-elections/legislative-assembly/2020-territory-election/results/gwoja,https://ntec.nt.gov.au/elections/past-elections/legislative-assembly/2020-territory-election/results/gwoja,Chansey PAECH,Australian Labor Party NT Branch,5313,2658,148,2806,52.81,1330,0,first,,,Phillip ALICE,Country Liberal Party of the Northern Territory,702
Gwoja,https://ntec.nt.gov.au/elections/past-elections/legislative-assembly/2020-territory-election/results/gwoja,https://ntec.nt.gov.au/elections/past-elections/legislative-assembly/2020-territory-election/results/gwoja,Chansey PAECH,Australian Labor Party NT Branch,5313,2658,148,2806,52.81,1330,0,first,,,Kenny LECHLEITNER,Federation Party Northern Territory,344
Gwoja,https://ntec.nt.gov.au/elections/past-elections/legislative-assembly/2020-territory-election/results/gwoja,https://ntec.nt.gov.au/elections/past-elections/legislative-assembly/2020-territory-election/results/gwoja,Chansey PAECH,Australian Labor Party NT Branch,5313,2658,148,2806,52.81,1330,1,final,,,Chansey PAECH,Australian Labor Party NT Branch,1760
Gwoja,https://ntec.nt.gov.au/elections/past-elections/legislative-assembly/2020-territory-election/results/gwoja,https://ntec.nt.gov.au/elections/past-elections/legislative-assembly/2020-territory-election/results/gwoja,Chansey PAECH,Australian Labor Party NT Branch,5313,2658,148,2806,52.81,1330,1,final,,,Phillip ALICE,Country Liberal Party of the Northern Territory,898
Johnston,https://ntec.nt.gov.au/elections/past-elections/legislative-assembly/2020-territory-election/results/johnston,https://ntec.nt.gov.au/elections/past-elections/legislative-assembly/2020-territory-election/results/johnston,Joel BOWDEN,Australian Labor Party NT Branch,5556,4284,150,4434,79.81,2143,0,first,,,Joel BOWDEN,Australian Labor Party NT Branch,1940
Johnston,https://ntec.nt.gov.au/elections/past-elections/legislative-assembly/2020-territory-election/results/johnston,https://ntec.nt.gov.au/elections/past-elections/legislative-assembly/2020-territory-election/results/johnston,Joel BOWDEN,Australian Labor Party NT Branch,5556,4284,150,4434,79.81,2143,0,first,,,Gary HASLETT,Country Liberal Party of the Northern Territory,843
Johnston,https://ntec.nt.gov.au/elections/past-elections/legislative-assembly/2020-territory-election/results/johnston,https://ntec.nt.gov.au/elections/past-elections/legislative-assembly/2020-territory-election/results/johnston,Joel BOWDEN,Australian Labor Party NT Branch,5556,4284,150,4434,79.81,2143,0,first,,,Aiya GOODRICH CARTTLING,NT Greens,736
Johnston,https://ntec.nt.gov.au/elections/past-elections/legislative-assembly/2020-territory-election/results/johnston,https://ntec.nt.gov.au/elections/past-elections/legislative-assembly/2020-territory-election/results/johnston,Joel BOWDEN,Australian Labor Party NT Branch,5556,4284,150,4434,79.81,2143,0,first,,,Steven KLOSE,Territory Alliance,626
Johnston,https://ntec.nt.gov.au/elections/past-elections/legislative-assembly/2020-territory-election/results/johnston,https://ntec.nt.gov.au/elections/past-elections/legislative-assembly/2020-territory-election/results/johnston,Joel BOWDEN,Australian Labor Party NT Branch,5556,4284,150,4434,79.81,2143,0,first,,,Josh THOMAS,Independent,139
Johnston,https://ntec.nt.gov.au/elections/past-elections/legislative-assembly/2020-territory-election/results/johnston,https://ntec.nt.gov.au/elections/past-elections/legislative-assembly/2020-territory-election/results/johnston,Joel BOWDEN,Australian Labor Party NT Branch,5556,4284,150,4434,79.81,2143,1,final,,,Joel BOWDEN,Australian Labor Party NT Branch,2850
Johnston,https://ntec.nt.gov.au/elections/past-elections/legislative-assembly/2020-territory-election/results/johnston,https://ntec.nt.gov.au/elections/past-elections/legislative-assembly/2020-territory-election/results/johnston,Joel BOWDEN,Australian Labor Party NT Branch,5556,4284,150,4434,79.81,2143,1,final,,,Gary HASLETT,Country Liberal Party of the Northern Territory,1434
Karama,https://ntec.nt.gov.au/elections/past-elections/legislative-assembly/2020-territory-election/results/karama,https://ntec.nt.gov.au/elections/past-elections/legislative-assembly/2020-territory-election/results/karama,Ngaree AH KIT,Australian Labor Party NT Branch,5482,4169,124,4293,78.31,2085,0,first,,,Ngaree AH KIT,Australian Labor Party NT Branch,2129
Karama,https://ntec.nt.gov.au/elections/past-elections/legislative-assembly/2020-territory-election/results/karama,https://ntec.nt.gov.au/elections/past-elections/legislative-assembly/2020-territory-election/results/karama,Ngaree AH KIT,Australian Labor Party NT Branch,5482,4169,124,4293,78.31,2085,0,first,,,Brian O'GALLAGHER,Country Liberal Party of the Northern Territory,1166
Karama,https://ntec.nt.gov.au/elections/past-elections/legislative-assembly/2020-territory-election/results/karama,https://ntec.nt.gov.au/elections/past-elections/legislative-assembly/2020-territory-election/results/karama,Ngaree AH KIT,Australian Labor Party NT Branch,5482,4169,124,4293,78.31,2085,0,first,,,Caleb CARDNO,Territory Alliance,874
Karama,https://ntec.nt.gov.au/elections/past-elections/legislative-assembly/2020-territory-election/results/karama,https://ntec.nt.gov.au/elections/past-elections/legislative-assembly/2020-territory-election/results/karama,Ngaree AH KIT,Australian Labor Party NT Branch,5482,4169,124,4293,78.31,2085,1,final,,,Ngaree AH KIT,Australian Labor Party NT Branch,2491
Karama,https://ntec.nt.gov.au/elections/past-elections/legislative-assembly/2020-territory-election/results/karama,https://ntec.nt.gov.au/elections/past-elections/legislative-assembly/2020-territory-election/results/karama,Ngaree AH KIT,Australian Labor Party NT Branch,5482,4169,124,4293,78.31,2085,1,final,,,Brian O'GALLAGHER,Country Liberal Party of the Northern Territory,1678
Katherine,https://ntec.nt.gov.au/elections/past-elections/legislative-assembly/2020-territory-election/results/katherine,https://ntec.nt.gov.au/elections/past-elections/legislative-assembly/2020-territory-election/results/katherine,Jo HERSEY,Country Liberal Party of the Northern Territory,5749,3886,151,4037,70.22,1944,0,first,,,Kate GANLEY,Australian Labor Party NT Branch,1281
Katherine,https://ntec.nt.gov.au/elections/past-elections/legislative-assembly/2020-territory-election/results/katherine,https://ntec.nt.gov.au/elections/past-elections/legislative-assembly/2020-territory-election/results/katherine,Jo HERSEY,Country Liberal Party of the Northern Territory,5749,3886,151,4037,70.22,1944,0,first,,,Jo HERSEY,Country Liberal Party of the Northern Territory,1264
Katherine,https://ntec.nt.gov.au/elections/past-elections/legislative-assembly/2020-territory-election/results/katherine,https://ntec.nt.gov.au/elections/past-elections/legislative-assembly/2020-territory-election/results/katherine,Jo HERSEY,Country Liberal Party of the Northern Territory,5749,3886,151,4037,70.22,1944,0,first,,,Melanie USHER,Territory Alliance,1132
Katherine,https://ntec.nt.gov.au/elections/past-elections/legislative-assembly/2020-territory-election/results/katherine,https://ntec.nt.gov.au/elections/past-elections/legislative-assembly/2020-territory-election/results/katherine,Jo HERSEY,Country Liberal Party of the Northern Territory,5749,3886,151,4037,70.22,1944,0,first,,,Clinton BOOTH,Independent,209
Katherine,https://ntec.nt.gov.au/elections/past-elections/legislative-assembly/2020-territory-election/results/katherine,https://ntec.nt.gov.au/elections/past-elections/legislative-assembly/2020-territory-election/results/katherine,Jo HERSEY,Country Liberal Party of the Northern Territory,5749,3886,151,4037,70.22,1944,1,final,,,Jo HERSEY,Country Liberal Party of the Northern Territory,2033
Katherine,https://ntec.nt.gov.au/elections/past-elections/legislative-assembly/2020-territory-election/results/katherine,https://ntec.nt.gov.au/elections/past-elections/legislative-assembly/2020-territory-election/results/katherine,Jo HERSEY,Country Liberal Party of the Northern Territory,5749,3886,151,4037,70.22,1944,1,final,,,Kate GANLEY,Australian Labor Party NT Branch,1853
Mulka,https://ntec.nt.gov.au/elections/past-elections/legislative-assembly/2020-territory-election/results/mulka,https://ntec.nt.gov.au/elections/past-elections/legislative-assembly/2020-territory-election/results/mulka,Yingiya Mark GUYULA,Independent,6124,4095,96,4191,68.44,2048,0,first,,,Yingiya Mark GUYULA,Independent,2252
Mulka,https://ntec.nt.gov.au/elections/past-elections/legislative-assembly/2020-territory-election/results/mulka,https://ntec.nt.gov.au/elections/past-elections/legislative-assembly/2020-territory-election/results/mulka,Yingiya Mark GUYULA,Independent,6124,4095,96,4191,68.44,2048,0,first,,,Lynne WALKER,Australian Labor Party NT Branch,1843
Mulka,https://ntec.nt.gov.au/elections/past-elections/legislative-assembly/2020-territory-election/results/mulka,https://ntec.nt.gov.au/elections/past-elections/legislative-assembly/2020-territory-election/results/mulka,Yingiya Mark GUYULA,Independent,6124,4095,96,4191,68.44,2048,1,final,,,Yingiya Mark GUYULA,Independent,2252
Mulka,https://ntec.nt.gov.au/elections/past-elections/legislative-assembly/2020-territory-election/results/mulka,https://ntec.nt.gov.au/elections/past-elections/legislative-assembly/2020-territory-election/results/mulka,Yingiya Mark GUYULA,Independent,6124,4095,96,4191,68.44,2048,1,final,,,Lynne WALKER,Australian Labor Party NT Branch,1843
Namatjira,https://ntec.nt.gov.au/elections/past-elections/legislative-assembly/2020-territory-election/results/namatjira,https://ntec.nt.gov.au/elections/past-elections/legislative-assembly/2020-territory-election/results/namatjira,Bill YAN,Country Liberal Party of the Northern Territory,5728,3606,180,3786,66.1,1804,0,first,,,Bill YAN,Country Liberal Party of the Northern Territory,1066
Namatjira,https://ntec.nt.gov.au/elections/past-elections/legislative-assembly/2020-territory-election/results/namatjira,https://ntec.nt.gov.au/elections/past-elections/legislative-assembly/2020-territory-election/results/namatjira,Bill YAN,Country Liberal Party of the Northern Territory,5728,3606,180,3786,66.1,1804,0,first,,,Sheralee TAYLOR,Australian Labor Party NT Branch,977
Namatjira,https://ntec.nt.gov.au/elections/past-elections/legislative-assembly/2020-territory-election/results/namatjira,https://ntec.nt.gov.au/elections/past-elections/legislative-assembly/2020-territory-election/results/namatjira,Bill YAN,Country Liberal Party of the Northern Territory,5728,3606,180,3786,66.1,1804,0,first,,,Matt PATERSON,Territory Alliance,809
Namatjira,https://ntec.nt.gov.au/elections/past-elections/legislative-assembly/2020-territory-election/results/namatjira,https://ntec.nt.gov.au/elections/past-elections/legislative-assembly/2020-territory-election/results/namatjira,Bill YAN,Country Liberal Party of the Northern Territory,5728,3606,180,3786,66.1,1804,0,first,,,Catherine SATOUR,Federation Party Northern Territory,344
Namatjira,https://ntec.nt.gov.au/elections/past-elections/legislative-assembly/2020-territory-election/results/namatjira,https://ntec.nt.gov.au/elections/past-elections/legislative-assembly/2020-territory-election/results/namatjira,Bill YAN,Country Liberal Party of the Northern Territory,5728,3606,180,3786,66.1,1804,0,first,,,Nikki MCCOY,NT Greens,279
Namatjira,https://ntec.nt.gov.au/elections/past-elections/legislative-assembly/2020-territory-election/results/namatjira,https://ntec.nt.gov.au/elections/past-elections/legislative-assembly/2020-territory-election/results/namatjira,Bill YAN,Country Liberal Party of the Northern Territory,5728,3606,180,3786,66.1,1804,0,first,,,Tony WILLIS,Independent,131
Namatjira,https://ntec.nt.gov.au/elections/past-elections/legislative-assembly/2020-territory-election/results/namatjira,https://ntec.nt.gov.au/elections/past-elections/legislative-assembly/2020-territory-election/results/namatjira,Bill YAN,Country Liberal Party of the Northern Territory,5728,3606,180,3786,66.1,1804,1,final,,,Bill YAN,Country Liberal Party of the Northern Territory,1814
Namatjira,https://ntec.nt.gov.au/elections/past-elections/legislative-assembly/2020-territory-election/results/namatjira,https://ntec.nt.gov.au/elections/past-elections/legislative-assembly/2020-territory-election/results/namatjira,Bill YAN,Country Liberal Party of the Northern Territory,5728,3606,180,3786,66.1,1804,1,final,,,Sheralee TAYLOR,Australian Labor Party NT Branch,1792
Nelson,https://ntec.nt.gov.au/elections/past-elections/legislative-assembly/2020-territory-election/results/nelson,https://ntec.nt.gov.au/elections/past-elections/legislative-assembly/2020-territory-election/results/nelson,Gerard MALEY,Country Liberal Party of the Northern Territory,5505,4561,146,4707,85.5,2281,0,first,,,Gerard MALEY,Country Liberal Party of the Northern Territory,2302
Nelson,https://ntec.nt.gov.au/elections/past-elections/legislative-assembly/2020-territory-election/results/nelson,https://ntec.nt.gov.au/elections/past-elections/legislative-assembly/2020-territory-election/results/nelson,Gerard MALEY,Country Liberal Party of the Northern Territory,5505,4561,146,4707,85.5,2281,0,first,,,Beverley RATAHI,Independent,1351
Nelson,https://ntec.nt.gov.au/elections/past-elections/legislative-assembly/2020-territory-election/results/nelson,https://ntec.nt.gov.au/elections/past-elections/legislative-assembly/2020-territory-election/results/nelson,Gerard MALEY,Country Liberal Party of the Northern Territory,5505,4561,146,4707,85.5,2281,0,first,,,Steve ASHER,Australian Labor Party NT Branch,488
Nelson,https://ntec.nt.gov.au/elections/past-elections/legislative-assembly/2020-territory-election/results/nelson,https://ntec.nt.gov.au/elections/past-elections/legislative-assembly/2020-territory-election/results/nelson,Gerard MALEY,Country Liberal Party of the Northern Territory,5505,4561,146,4707,85.5,2281,0,first,,,Andy HARLEY,Territory Alliance,420
Nelson,https://ntec.nt.gov.au/elections/past-elections/legislative-assembly/2020-territory-election/results/nelson,https://ntec.nt.gov.au/elections/past-elections/legislative-assembly/2020-territory-election/results/nelson,Gerard MALEY,Country Liberal Party of the Northern Territory,5505,4561,146,4707,85.5,2281,1,final,,,Gerard MALEY,Country Liberal Party of the Northern Territory,2658
Nelson,https://ntec.nt.gov.au/elections/past-elections/legislative-assembly/2020-territory-election/results/nelson,https://ntec.nt.gov.au/elections/past-elections/legislative-assembly/2020-territory-election/results/nelson,Gerard MALEY,Country Liberal Party of the Northern Territory,5505,4561,146,4707,85.5,2281,1,final,,,Beverley RATAHI,Independent,1903
Nightcliff,https://ntec.nt.gov.au/elections/past-elections/legislative-assembly/2020-territory-election/results/nightcliff,https://ntec.nt.gov.au/elections/past-elections/legislative-assembly/2020-territory-election/results/nightcliff,Natasha FYLES,Australian Labor Party NT Branch,5621,4425,90,4515,80.32,2213,0,first,,,Natasha FYLES,Australian Labor Party NT Branch,2353
Nightcliff,https://ntec.nt.gov.au/elections/past-elections/legislative-assembly/2020-territory-election/results/nightcliff,https://ntec.nt.gov.au/elections/past-elections/legislative-assembly/2020-territory-election/results/nightcliff,Natasha FYLES,Australian Labor Party NT Branch,5621,4425,90,4515,80.32,2213,0,first,,,Steve DOHERTY,Country Liberal Party of the Northern Territory,836
Nightcliff,https://ntec.nt.gov.au/elections/past-elections/legislative-assembly/2020-territory-election/results/nightcliff,https://ntec.nt.gov.au/elections/past-elections/legislative-assembly/2020-territory-election/results/nightcliff,Natasha FYLES,Australian Labor Party NT Branch,5621,4425,90,4515,80.32,2213,0,first,,,Billee MCGINLEY,NT Greens,822
Nightcliff,https://ntec.nt.gov.au/elections/past-elections/legislative-assembly/2020-territory-election/results/nightcliff,https://ntec.nt.gov.au/elections/past-elections/legislative-assembly/2020-territory-election/results/nightcliff,Natasha FYLES,Australian Labor Party NT Branch,5621,4425,90,4515,80.32,2213,0,first,,,Melita MCKINNON,Territory Alliance,336
Nightcliff,https://ntec.nt.gov.au/elections/past-elections/legislative-assembly/2020-territory-election/results/nightcliff,https://ntec.nt.gov.au/elections/past-elections/legislative-assembly/2020-territory-election/results/nightcliff,Natasha FYLES,Australian Labor Party NT Branch,5621,4425,90,4515,80.32,2213,0,first,,,Shelley LANDMARK,Animal Justice Party,78
Nightcliff,https://ntec.nt.gov.au/elections/past-elections/legislative-assembly/2020-territory-election/results/nightcliff,https://ntec.nt.gov.au/elections/past-elections/legislative-assembly/2020-territory-election/results/nightcliff,Natasha FYLES,Australian Labor Party NT Branch,5621,4425,90,4515,80.32,2213,1,final,,,Natasha FYLES,Australian Labor Party NT Branch,3286
Nightcliff,https://ntec.nt.gov.au/elections/past-elections/legislative-assembly/2020-territory-election/results/nightcliff,https://ntec.nt.gov.au/elections/past-elections/legislative-assembly/2020-territory-election/results/nightcliff,Natasha FYLES,Australian Labor Party NT Branch,5621,4425,90,4515,80.32,2213,1,final,,,Steve DOHERTY,Country Liberal Party of the Northern Territory,1139
Port Darwin,https://ntec.nt.gov.au/elections/past-elections/legislative-assembly/2020-territory-election/results/port-darwin,https://ntec.nt.gov.au/elections/past-elections/legislative-assembly/2020-territory-election/results/port-darwin,Paul KIRBY,Australian Labor Party NT Branch,5699,4301,112,4413,77.43,2151,0,first,,,Toby GEORGE,Country Liberal Party of the Northern Territory,1625
Port Darwin,https://ntec.nt.gov.au/elections/past-elections/legislative-assembly/2020-territory-election/results/port-darwin,https://ntec.nt.gov.au/elections/past-elections/legislative-assembly/2020-territory-election/results/port-darwin,Paul KIRBY,Australian Labor Party NT Branch,5699,4301,112,4413,77.43,2151,0,first,,,Paul KIRBY,Australian Labor Party NT Branch,1611
Port Darwin,https://ntec.nt.gov.au/elections/past-elections/legislative-assembly/2020-territory-election/results/port-darwin,https://ntec.nt.gov.au/elections/past-elections/legislative-assembly/2020-territory-election/results/port-darwin,Paul KIRBY,Australian Labor Party NT Branch,5699,4301,112,4413,77.43,2151,0,first,,,Gary STRACHAN,Territory Alliance,540
Port Darwin,https://ntec.nt.gov.au/elections/past-elections/legislative-assembly/2020-territory-election/results/port-darwin,https://ntec.nt.gov.au/elections/past-elections/legislative-assembly/2020-territory-election/results/port-darwin,Paul KIRBY,Australian Labor Party NT Branch,5699,4301,112,4413,77.43,2151,0,first,,,Timothy PARISH,NT Greens,315
Port Darwin,https://ntec.nt.gov.au/elections/past-elections/legislative-assembly/2020-territory-election/results/port-darwin,https://ntec.nt.gov.au/elections/past-elections/legislative-assembly/2020-territory-election/results/port-darwin,Paul KIRBY,Australian Labor Party NT Branch,5699,4301,112,4413,77.43,2151,0,first,,,Leah POTTER,Independent,210
Port Darwin,https://ntec.nt.gov.au/elections/past-elections/legislative-assembly/2020-territory-election/results/port-darwin,https://ntec.nt.gov.au/elections/past-elections/legislative-assembly/2020-territory-election/results/port-darwin,Paul KIRBY,Australian Labor Party NT Branch,5699,4301,112,4413,77.43,2151,1,final,,,Paul KIRBY,Australian Labor Party NT Branch,2241
Port Darwin,https://ntec.nt.gov.au/elections/past-elections/legislative-assembly/2020-territory-election/results/port-darwin,https://ntec.nt.gov.au/elections/past-elections/legislative-assembly/2020-territory-election/results/port-darwin,Paul KIRBY,Australian Labor Party NT Branch,5699,4301,112,4413,77.43,2151,1,final,,,Toby GEORGE,Country Liberal Party of the Northern Territory,2060
Sanderson,https://ntec.nt.gov.au/elections/past-elections/legislative-assembly/2020-territory-election/results/sanderson,https://ntec.nt.gov.au/elections/past-elections/legislative-assembly/2020-territory-election/results/sanderson,Kate WORDEN,Australian Labor Party NT Branch,5449,4395,107,4502,82.62,2198,0,first,,,Kate WORDEN,Australian Labor Party NT Branch,2632
Sanderson,https://ntec.nt.gov.au/elections/past-elections/legislative-assembly/2020-territory-election/results/sanderson,https://ntec.nt.gov.au/elections/past-elections/legislative-assembly/2020-territory-election/results/sanderson,Kate WORDEN,Australian Labor Party NT Branch,5449,4395,107,4502,82.62,2198,0,first,,,Derek MAYGER,Country Liberal Party of the Northern Territory,968
Sanderson,https://ntec.nt.gov.au/elections/past-elections/legislative-assembly/2020-territory-election/results/sanderson,https://ntec.nt.gov.au/elections/past-elections/legislative-assembly/2020-territory-election/results/sanderson,Kate WORDEN,Australian Labor Party NT Branch,5449,4395,107,4502,82.62,2198,0,first,,,Amelia NUKU,Territory Alliance,795
Sanderson,https://ntec.nt.gov.au/elections/past-elections/legislative-assembly/2020-territory-election/results/sanderson,https://ntec.nt.gov.au/elections/past-elections/legislative-assembly/2020-territory-election/results/sanderson,Kate WORDEN,Australian Labor Party NT Branch,5449,4395,107,4502,82.62,2198,1,final,,,Kate WORDEN,Australian Labor Party NT Branch,3044
Sanderson,https://ntec.nt.gov.au/elections/past-elections/legislative-assembly/2020-territory-election/results/sanderson,https://ntec.nt.gov.au/elections/past-elections/legislative-assembly/2020-territory-election/results/sanderson,Kate WORDEN,Australian Labor Party NT Branch,5449,4395,107,4502,82.62,2198,1,final,,,Derek MAYGER,Country Liberal Party of the Northern Territory,1351
Spillett,https://ntec.nt.gov.au/elections/past-elections/legislative-assembly/2020-territory-election/results/spillett,https://ntec.nt.gov.au/elections/past-elections/legislative-assembly/2020-territory-election/results/spillett,Lia FINOCCHIARO,Country Liberal Party of the Northern Territory,5863,4949,126,5075,86.56,2475,0,first,,,Lia FINOCCHIARO,Country Liberal Party of the Northern Territory,2921
Spillett,https://ntec.nt.gov.au/elections/past-elections/legislative-assembly/2020-territory-election/results/spillett,https://ntec.nt.gov.au/elections/past-elections/legislative-assembly/2020-territory-election/results/spillett,Lia FINOCCHIARO,Country Liberal Party of the Northern Territory,5863,4949,126,5075,86.56,2475,0,first,,,Tristan SLOAN,Australian Labor Party NT Branch,1594
Spillett,https://ntec.nt.gov.au/elections/past-elections/legislative-assembly/2020-territory-election/results/spillett,https://ntec.nt.gov.au/elections/past-elections/legislative-assembly/2020-territory-election/results/spillett,Lia FINOCCHIARO,Country Liberal Party of the Northern Territory,5863,4949,126,5075,86.56,2475,0,first,,,Vanessa MOUNSEY,Territory Alliance,434
Spillett,https://ntec.nt.gov.au/elections/past-elections/legislative-assembly/2020-territory-election/results/spillett,https://ntec.nt.gov.au/elections/past-elections/legislative-assembly/2020-territory-election/results/spillett,Lia FINOCCHIARO,Country Liberal Party of the Northern Territory,5863,4949,126,5075,86.56,2475,1,final,,,Lia FINOCCHIARO,Country Liberal Party of the Northern Territory,3219
Spillett,https://ntec.nt.gov.au/elections/past-elections/legislative-assembly/2020-territory-election/results/spillett,https://ntec.nt.gov.au/elections/past-elections/legislative-assembly/2020-territory-election/results/spillett,Lia FINOCCHIARO,Country Liberal Party of the Northern Territory,5863,4949,126,5075,86.56,2475,1,final,,,Tristan SLOAN,Australian Labor Party NT Branch,1730
Wanguri,https://ntec.nt.gov.au/elections/past-elections/legislative-assembly/2020-territory-election/results/wanguri,https://ntec.nt.gov.au/elections/past-elections/legislative-assembly/2020-territory-election/results/wanguri,Nicole MANISON,Australian Labor Party NT Branch,6111,4976,141,5117,83.73,2489,0,first,,,Nicole MANISON,Australian Labor Party NT Branch,3129
Wanguri,https://ntec.nt.gov.au/elections/past-elections/legislative-assembly/2020-territory-election/results/wanguri,https://ntec.nt.gov.au/elections/past-elections/legislative-assembly/2020-territory-election/results/wanguri,Nicole MANISON,Australian Labor Party NT Branch,6111,4976,141,5117,83.73,2489,0,first,,,Jed HANSEN,Country Liberal Party of the Northern Territory,1235
Wanguri,https://ntec.nt.gov.au/elections/past-elections/legislative-assembly/2020-territory-election/results/wanguri,https://ntec.nt.gov.au/elections/past-elections/legislative-assembly/2020-territory-election/results/wanguri,Nicole MANISON,Australian Labor Party NT Branch,6111,4976,141,5117,83.73,2489,0,first,,,Michael BEST,Territory Alliance,612
Wanguri,https://ntec.nt.gov.au/elections/past-elections/legislative-assembly/2020-territory-election/results/wanguri,https://ntec.nt.gov.au/elections/past-elections/legislative-assembly/2020-territory-election/results/wanguri,Nicole MANISON,Australian Labor Party NT Branch,6111,4976,141,5117,83.73,2489,1,final,,,Nicole MANISON,Australian Labor Party NT Branch,3349
Wanguri,https://ntec.nt.gov.au/elections/past-elections/legislative-assembly/2020-territory-election/results/wanguri,https://ntec.nt.gov.au/elections/past-elections/legislative-assembly/2020-territory-election/results/wanguri,Nicole MANISON,Australian Labor Party NT Branch,6111,4976,141,5117,83.73,2489,1,final,,,Jed HANSEN,Country Liberal Party of the Northern Territory,1627
