district,district_url,distribution_url,elected_member,elected_party,enrolment,formal_votes,informal_votes,total_votes,turnout_pct,majority,primary_leader,primary_leader_party,primary_leader_votes,winner,winner_party,winner_final_votes,runner_up,runner_up_party,runner_up_final_votes,final_margin,preference_changed_result,winner_transfer_gain
Algester,https://results.elections.qld.gov.au/state2020/algester,https://results.elections.qld.gov.au/state2020/algester/preference,"ENOCH, Leeanne",Australian Labor Party (State of Queensland),35108,29618,1142,30760,87.62,14810,"ENOCH, Leeanne",Australian Labor Party (State of Queensland),17452,"ENOCH, Leeanne",Australian Labor Party (State of Queensland),20073,"AITKEN, Nerissa",Liberal National Party of Queensland,9545,10528,False,2621
Aspley,https://results.elections.qld.gov.au/state2020/aspley,https://results.elections.qld.gov.au/state2020/aspley/preference,"MELLISH, Bart",Australian Labor Party (State of Queensland),37792,33530,711,34241,90.6,16766,"MELLISH, Bart",Australian Labor Party (State of Queensland),15261,"MELLISH, Bart",Australian Labor Party (State of Queensland),18494,"COOPER, Amanda",Liberal National Party of Queensland,15036,3458,False,3233
Bancroft,https://results.elections.qld.gov.au/state2020/bancroft,https://results.elections.qld.gov.au/state2020/bancroft/preference,"WHITING, Chris",Australian Labor Party (State of Queensland),36462,30414,1017,31431,86.2,15208,"WHITING, Chris",Australian Labor Party (State of Queensland),16301,"WHITING, Chris",Australian Labor Party (State of Queensland),19100,"CARLSON, Phil",Liberal National Party of Queensland,11314,7786,False,2799
Barron River,https://results.elections.qld.gov.au/state2020/barronriver,https://results.elections.qld.gov.au/state2020/barronriver/preference,"CRAWFORD, Craig",Australian Labor Party (State of Queensland),37492,31383,1059,32442,86.53,15692,"CRAWFORD, Craig",Australian Labor Party (State of Queensland),12385,"CRAWFORD, Craig",Australian Labor Party (State of Queensland),16653,"COOPER, Linda",Liberal National Party of Queensland,14730,1923,False,4268
Bonney,https://results.elections.qld.gov.au/state2020/bonney,https://results.elections.qld.gov.au/state2020/bonney/preference,"O'CONNOR, Sam",Liberal National Party of Queensland,35534,28770,1115,29885,84.1,14386,"O'CONNOR, Sam",Liberal National Party of Queensland,15323,"O'CONNOR, Sam",Liberal National Party of Queensland,17283,"BORG, Ash",Australian Labor Party (State of Queensland),11487,5796,False,1960
Broadwater,https://results.elections.qld.gov.au/state2020/broadwater,https://results.elections.qld.gov.au/state2020/broadwater/preference,"CRISAFULLI, David",Liberal National Party of Queensland,35120,30306,1004,31310,89.15,15154,"CRISAFULLI, David",Liberal National Party of Queensland,18059,"CRISAFULLI, David",Liberal National Party of Queensland,20174,"SIMPSON, Maureen",Australian Labor Party (State of Queensland),10132,10042,False,2115
Buderim,https://results.elections.qld.gov.au/state2020/buderim,https://results.elections.qld.gov.au/state2020/buderim/preference,"MICKELBERG, Brent",Liberal National Party of Queensland,36918,31613,1293,32906,89.13,15807,"MICKELBERG, Brent",Liberal National Party of Queensland,13443,"MICKELBERG, Brent",Liberal National Party of Queensland,17478,"MACKENZIE, Ken",Australian Labor Party (State of Queensland),14135,3343,False,4035
Bulimba,https://results.elections.qld.gov.au/state2020/bulimba,https://results.elections.qld.gov.au/state2020/bulimba/preference,"FARMER, Di",Australian Labor Party (State of Queensland),39571,34756,673,35429,89.53,17379,"FARMER, Di",Australian Labor Party (State of Queensland),16764,"FARMER, Di",Australian Labor Party (State of Queensland),21336,"BISHOP, Anthony",Liberal National Party of Queensland,13420,7916,False,4572
Bundaberg,https://results.elections.qld.gov.au/state2020/bundaberg,https://results.elections.qld.gov.au/state2020/bundaberg/preference,"SMITH, Tom",Australian Labor Party (State of Queensland),35296,30273,1105,31378,88.9,15137,"SMITH, Tom",Australian Labor Party (State of Queensland),13053,"SMITH, Tom",Australian Labor Party (State of Queensland),15141,"BATT, David",Liberal National Party of Queensland,15132,9,False,2088
Bundamba,https://results.elections.qld.gov.au/state2020/bundamba,https://results.elections.qld.gov.au/state2020/bundamba/preference,"MCCALLUM, Lance",Australian Labor Party (State of Queensland),38035,30429,1344,31773,83.54,15215,"MCCALLUM, Lance",Australian Labor Party (State of Queensland),17015,"MCCALLUM, Lance",Australian Labor Party (State of Queensland),21507,"BELL, Sharon",Pauline Hanson's One Nation Queensland Division,8922,12585,False,4492
Burdekin,https://results.elections.qld.gov.au/state2020/burdekin,https://results.elections.qld.gov.au/state2020/burdekin/preference,"LAST, Dale",Liberal National Party of Queensland,34920,29702,1012,30714,87.96,14852,"LAST, Dale",Liberal National Party of Queensland,11792,"LAST, Dale",Liberal National Party of Queensland,16944,"BRUNKER, Michael",Australian Labor Party (State of Queensland),12758,4186,False,5152
Burleigh,https://results.elections.qld.gov.au/state2020/burleigh,https://results.elections.qld.gov.au/state2020/burleigh/preference,"HART, Michael",Liberal National Party of Queensland,36107,29573,1297,30870,85.5,14787,"HART, Michael",Liberal National Party of Queensland,11743,"HART, Michael",Liberal National Party of Queensland,15143,"BARTHOLOMEW, Wayne (Rabbit)",Australian Labor Party (State of Queensland),14430,713,False,3400
Burnett,https://results.elections.qld.gov.au/state2020/burnett,https://results.elections.qld.gov.au/state2020/burnett/preference,"BENNETT, Stephen",Liberal National Party of Queensland,35928,31537,1311,32848,91.43,15769,"BENNETT, Stephen",Liberal National Party of Queensland,15330,"BENNETT, Stephen",Liberal National Party of Queensland,19172,"MORGAN, Kerri",Australian Labor Party (State of Queensland),12365,6807,False,3842
Cairns,https://results.elections.qld.gov.au/state2020/cairns,https://results.elections.qld.gov.au/state2020/cairns/preference,"HEALY, Michael",Australian Labor Party (State of Queensland),36789,28794,1056,29850,81.14,14398,"HEALY, Michael",Australian Labor Party (State of Queensland),12727,"HEALY, Michael",Australian Labor Party (State of Queensland),16006,"MARINO, Sam",Liberal National Party of Queensland,12788,3218,False,3279
Callide,https://results.elections.qld.gov.au/state2020/callide,https://results.elections.qld.gov.au/state2020/callide/preference,"BOYCE, Colin",Liberal National Party of Queensland,33907,29033,887,29920,88.24,14517,"BOYCE, Colin",Liberal National Party of Queensland,16608,"BOYCE, Colin",Liberal National Party of Queensland,19112,"EARNSHAW, Gordon",Australian Labor Party (State of Queensland),9921,9191,False,2504
Caloundra,https://results.elections.qld.gov.au/state2020/caloundra,https://results.elections.qld.gov.au/state2020/caloundra/preference,"HUNT, Jason",Australian Labor Party (State of Queensland),38503,32449,1497,33946,88.16,16225,"HUNT, Jason",Australian Labor Party (State of Queensland),13406,"HUNT, Jason",Australian Labor Party (State of Queensland),17040,"COWARD, Stuart",Liberal National Party of Queensland,15409,1631,False,3634
Capalaba,https://results.elections.qld.gov.au/state2020/capalaba,https://results.elections.qld.gov.au/state2020/capalaba/preference,"BROWN, Don",Australian Labor Party (State of Queensland),36176,31447,1246,32693,90.37,15724,"BROWN, Don",Australian Labor Party (State of Queensland),15160,"BROWN, Don",Australian Labor Party (State of Queensland),18807,"WALTERS, Bev",Liberal National Party of Queensland,12640,6167,False,3647
Chatsworth,https://results.elections.qld.gov.au/state2020/chatsworth,https://results.elections.qld.gov.au/state2020/chatsworth/preference,"MINNIKIN, Steve",Liberal National Party of Queensland,35668,31570,800,32370,90.75,15786,"MINNIKIN, Steve",Liberal National Party of Queensland,14614,"MINNIKIN, Steve",Liberal National Party of Queensland,16191,"O'DONNELL, Lisa",Australian Labor Party (State of Queensland),15379,812,False,1577
Clayfield,https://results.elections.qld.gov.au/state2020/clayfield,https://results.elections.qld.gov.au/state2020/clayfield/preference,"NICHOLLS, Tim",Liberal National Party of Queensland,40218,34817,719,35536,88.36,17409,"NICHOLLS, Tim",Liberal National Party of Queensland,15979,"NICHOLLS, Tim",Liberal National Party of Queensland,17949,"ANTHONY, Philip",Australian Labor Party (State of Queensland),16868,1081,False,1970
Condamine,https://results.elections.qld.gov.au/state2020/condamine,https://results.elections.qld.gov.au/state2020/condamine/preference,"WEIR, Pat",Liberal National Party of Queensland,37883,33781,993,34774,91.79,16891,"WEIR, Pat",Liberal National Party of Queensland,18466,"WEIR, Pat",Liberal National Party of Queensland,23376,"HUYBREGTS, Brendon",Australian Labor Party (State of Queensland),10405,12971,False,4910
Cook,https://results.elections.qld.gov.au/state2020/cook,https://results.elections.qld.gov.au/state2020/cook/preference,"LUI, Cynthia",Australian Labor Party (State of Queensland),33912,25893,1167,27060,79.79,12947,"LUI, Cynthia",Australian Labor Party (State of Queensland),10363,"LUI, Cynthia",Australian Labor Party (State of Queensland),14567,"BROWN, Ed (Nipper)",Liberal National Party of Queensland,11326,3241,False,4204
Coomera,https://results.elections.qld.gov.au/state2020/coomera,https://results.elections.qld.gov.au/state2020/coomera/preference,"CRANDON, Michael",Liberal National Party of Queensland,45715,36665,1888,38553,84.33,18333,"CRANDON, Michael",Liberal National Party of Queensland,14655,"CRANDON, Michael",Liberal National Party of Queensland,18727,"JOHNSON, Chris",Australian Labor Party (State of Queensland),17938,789,False,4072
Cooper,https://results.elections.qld.gov.au/state2020/cooper,https://results.elections.qld.gov.au/state2020/cooper/preference,"BUSH, Jonty",Australian Labor Party (State of Queensland),37386,33747,443,34190,91.45,16874,"BUSH, Jonty",Australian Labor Party (State of Queensland),11509,"BUSH, Jonty",Australian Labor Party (State of Queensland),20414,"WISEMAN, Trent",Liberal National Party of Queensland,13333,7081,False,8905
Currumbin,https://results.elections.qld.gov.au/state2020/currumbin,https://results.elections.qld.gov.au/state2020/currumbin/preference,"GERBER, Laura",Liberal National Party of Queensland,36059,29716,1454,31170,86.44,14859,"GERBER, Laura",Liberal National Party of Queensland,11957,"GERBER, Laura",Liberal National Party of Queensland,15013,"CAMPRADT, Kaylee",Australian Labor Party (State of Queensland),14703,310,False,3056
Everton,https://results.elections.qld.gov.au/state2020/everton,https://results.elections.qld.gov.au/state2020/everton/preference,"MANDER, Tim",Liberal National Party of Queensland,37520,33751,782,34533,92.04,16876,"MANDER, Tim",Liberal National Party of Queensland,15455,"MANDER, Tim",Liberal National Party of Queensland,17630,"SHANKEY, Danielle",Australian Labor Party (State of Queensland),16121,1509,False,2175
Ferny Grove,https://results.elections.qld.gov.au/state2020/fernygrove,https://results.elections.qld.gov.au/state2020/fernygrove/preference,"FURNER, Mark",Australian Labor Party (State of Queensland),36224,32325,870,33195,91.64,16163,"FURNER, Mark",Australian Labor Party (State of Queensland),14577,"FURNER, Mark",Australian Labor Party (State of Queensland),19710,"LEHMANN, Chris",Liberal National Party of Queensland,12615,7095,False,5133
Gaven,https://results.elections.qld.gov.au/state2020/gaven,https://results.elections.qld.gov.au/state2020/gaven/preference,"SCANLON, Meaghan",Australian Labor Party (State of Queensland),33051,27244,1419,28663,86.72,13623,"SCANLON, Meaghan",Australian Labor Party (State of Queensland),12932,"SCANLON, Meaghan",Australian Labor Party (State of Queensland),15734,"JACKSON, Kirsten",Liberal National Party of Queensland,11510,4224,False,2802
Gladstone,https://results.elections.qld.gov.au/state2020/gladstone,https://results.elections.qld.gov.au/state2020/gladstone/preference,"BUTCHER, Glenn",Australian Labor Party (State of Queensland),33589,28618,924,29542,87.95,14310,"BUTCHER, Glenn",Australian Labor Party (State of Queensland),18429,"BUTCHER, Glenn",Australian Labor Party (State of Queensland),21030,"HARDING, Ron",Liberal National Party of Queensland,7588,13442,False,2601
Glass House,https://results.elections.qld.gov.au/state2020/glasshouse,https://results.elections.qld.gov.au/state2020/glasshouse/preference,"POWELL, Andrew",Liberal National Party of Queensland,34748,30447,1083,31530,90.74,15224,"POWELL, Andrew",Liberal National Party of Queensland,12265,"POWELL, Andrew",Liberal National Party of Queensland,15706,"HAMPSTEAD, Brent",Australian Labor Party (State of Queensland),14741,965,False,3441
Greenslopes,https://results.elections.qld.gov.au/state2020/greenslopes,https://results.elections.qld.gov.au/state2020/greenslopes/preference,"KELLY, Joe",Australian Labor Party (State of Queensland),37368,32481,640,33121,88.63,16241,"KELLY, Joe",Australian Labor Party (State of Queensland),13426,"KELLY, Joe",Australian Labor Party (State of Queensland),20529,"NEWBOLD, Andrew",Liberal National Party of Queensland,11952,8577,False,7103
Gregory,https://results.elections.qld.gov.au/state2020/gregory,https://results.elections.qld.gov.au/state2020/gregory/preference,"MILLAR, Lachlan",Liberal National Party of Queensland,24785,20673,577,21250,85.74,10337,"MILLAR, Lachlan",Liberal National Party of Queensland,11197,"MILLAR, Lachlan",Liberal National Party of Queensland,13902,"KERRIGAN, Dave",Australian Labor Party (State of Queensland),6771,7131,False,2705
Gympie,https://results.elections.qld.gov.au/state2020/gympie,https://results.elections.qld.gov.au/state2020/gympie/preference,"PERRETT, Tony",Liberal National Party of Queensland,39141,33172,1676,34848,89.03,16587,"PERRETT, Tony",Liberal National Party of Queensland,14071,"PERRETT, Tony",Liberal National Party of Queensland,19402,"WILLIAMS, Geoff",Australian Labor Party (State of Queensland),13770,5632,False,5331
Hervey Bay,https://results.elections.qld.gov.au/state2020/herveybay,https://results.elections.qld.gov.au/state2020/herveybay/preference,"TANTARI, Adrian",Australian Labor Party (State of Queensland),39626,33878,1247,35125,88.64,16940,"TANTARI, Adrian",Australian Labor Party (State of Queensland),13382,"TANTARI, Adrian",Australian Labor Party (State of Queensland),17625,"COLEMAN, Steve",Liberal National Party of Queensland,16253,1372,False,4243
Hill,https://results.elections.qld.gov.au/state2020/hill,https://results.elections.qld.gov.au/state2020/hill/preference,"KNUTH, Shane",Katter's Australian Party (KAP),37987,32251,1179,33430,88.0,16126,"KNUTH, Shane",Katter's Australian Party (KAP),16970,"KNUTH, Shane",Katter's Australian Party (KAP),23398,"HODGKINS, Michael",Australian Labor Party (State of Queensland),8853,14545,False,6428
Hinchinbrook,https://results.elections.qld.gov.au/state2020/hinchinbrook,https://results.elections.qld.gov.au/state2020/hinchinbrook/preference,"DAMETTO, Nick",Katter's Australian Party (KAP),35050,29438,1053,30491,86.99,14720,"DAMETTO, Nick",Katter's Australian Party (KAP),12522,"DAMETTO, Nick",Katter's Australian Party (KAP),19064,"PIPER, Scott",Liberal National Party of Queensland,10374,8690,False,6542
Inala,https://results.elections.qld.gov.au/state2020/inala,https://results.elections.qld.gov.au/state2020/inala/preference,"PALASZCZUK, Annastacia",Australian Labor Party (State of Queensland),35716,29497,1521,31018,86.85,14749,"PALASZCZUK, Annastacia",Australian Labor Party (State of Queensland),19888,"PALASZCZUK, Annastacia",Australian Labor Party (State of Queensland),23057,"PEROVIC, Miljenka",Liberal National Party of Queensland,6440,16617,False,3169
Ipswich,https://results.elections.qld.gov.au/state2020/ipswich,https://results.elections.qld.gov.au/state2020/ipswich/preference,"HOWARD, Jennifer",Australian Labor Party (State of Queensland),33668,28376,903,29279,86.96,14189,"HOWARD, Jennifer",Australian Labor Party (State of Queensland),14699,"HOWARD, Jennifer",Australian Labor Party (State of Queensland),18876,"O'CONNELL, Scott",Liberal National Party of Queensland,9500,9376,False,4177
Ipswich West,https://results.elections.qld.gov.au/state2020/ipswichwest,https://results.elections.qld.gov.au/state2020/ipswichwest/preference,"MADDEN, Jim",Australian Labor Party (State of Queensland),35994,29977,1252,31229,86.76,14989,"MADDEN, Jim",Australian Labor Party (State of Queensland),15033,"MADDEN, Jim",Australian Labor Party (State of Queensland),19289,"GREEN, Chris",Liberal National Party of Queensland,10688,8601,False,4256
Jordan,https://results.elections.qld.gov.au/state2020/jordan,https://results.elections.qld.gov.au/state2020/jordan/preference,"MULLEN, Charis",Australian Labor Party (State of Queensland),39041,33315,1197,34512,88.4,16658,"MULLEN, Charis",Australian Labor Party (State of Queensland),18471,"MULLEN, Charis",Australian Labor Party (State of Queensland),22356,"MOONEY, Andrew",Liberal National Party of Queensland,10959,11397,False,3885
Kawana,https://results.elections.qld.gov.au/state2020/kawana,https://results.elections.qld.gov.au/state2020/kawana/preference,"BLEIJIE, Jarrod",Liberal National Party of Queensland,36772,31765,1038,32803,89.21,15883,"BLEIJIE, Jarrod",Liberal National Party of Queensland,16148,"BLEIJIE, Jarrod",Liberal National Party of Queensland,18840,"REDPATH, Bill",Australian Labor Party (State of Queensland),12925,5915,False,2692
Keppel,https://results.elections.qld.gov.au/state2020/keppel,https://results.elections.qld.gov.au/state2020/keppel/preference,"LAUGA, Brittany",Australian Labor Party (State of Queensland),37052,32389,973,33362,90.04,16195,"LAUGA, Brittany",Australian Labor Party (State of Queensland),14969,"LAUGA, Brittany",Australian Labor Party (State of Queensland),18018,"DE GROOT, Adrian",Liberal National Party of Queensland,14371,3647,False,3049
Kurwongbah,https://results.elections.qld.gov.au/state2020/kurwongbah,https://results.elections.qld.gov.au/state2020/kurwongbah/preference,"KING, Shane",Australian Labor Party (State of Queensland),36693,31362,1192,32554,88.72,15682,"KING, Shane",Australian Labor Party (State of Queensland),16243,"KING, Shane",Australian Labor Party (State of Queensland),19804,"PETRUS, Kerry",Liberal National Party of Queensland,11558,8246,False,3561
Lockyer,https://results.elections.qld.gov.au/state2020/lockyer,https://results.elections.qld.gov.au/state2020/lockyer/preference,"MCDONALD, Jim",Liberal National Party of Queensland,34938,30258,1091,31349,89.73,15130,"MCDONALD, Jim",Liberal National Party of Queensland,13662,"MCDONALD, Jim",Liberal National Party of Queensland,18616,"BUTLER, Janet",Australian Labor Party (State of Queensland),11642,6974,False,4954
Logan,https://results.elections.qld.gov.au/state2020/logan,https://results.elections.qld.gov.au/state2020/logan/preference,"POWER, Linus",Australian Labor Party (State of Queensland),37695,31019,1205,32224,85.49,15510,"POWER, Linus",Australian Labor Party (State of Queensland),16587,"POWER, Linus",Australian Labor Party (State of Queensland),19663,"PATTISON, Clinton",Liberal National Party of Queensland,11356,8307,False,3076
Lytton,https://results.elections.qld.gov.au/state2020/lytton,https://results.elections.qld.gov.au/state2020/lytton/preference,"PEASE, Joan",Australian Labor Party (State of Queensland),37369,32688,856,33544,89.76,16345,"PEASE, Joan",Australian Labor Party (State of Queensland),17067,"PEASE, Joan",Australian Labor Party (State of Queensland),20708,"WALTERS, Gordon",Liberal National Party of Queensland,11980,8728,False,3641
Macalister,https://results.elections.qld.gov.au/state2020/macalister,https://results.elections.qld.gov.au/state2020/macalister/preference,"MCMAHON, Melissa",Australian Labor Party (State of Queensland),36912,29191,1667,30858,83.6,14596,"MCMAHON, Melissa",Australian Labor Party (State of Queensland),12896,"MCMAHON, Melissa",Australian Labor Party (State of Queensland),17381,"VAN MANEN, Judi",Liberal National Party of Queensland,11810,5571,False,4485
Mackay,https://results.elections.qld.gov.au/state2020/mackay,https://results.elections.qld.gov.au/state2020/mackay/preference,"GILBERT, Julieanne",Australian Labor Party (State of Queensland),38199,31489,1314,32803,85.87,15745,"GILBERT, Julieanne",Australian Labor Party (State of Queensland),14632,"GILBERT, Julieanne",Australian Labor Party (State of Queensland),17862,"BONANNO, Chris",Liberal National Party of Queensland,13627,4235,False,3230
Maiwar,https://results.elections.qld.gov.au/state2020/maiwar,https://results.elections.qld.gov.au/state2020/maiwar/preference,"BERKMAN, Michael",Queensland Greens,38663,34493,478,34971,90.45,17247,"BERKMAN, Michael",Queensland Greens,14254,"BERKMAN, Michael",Queensland Greens,19427,"DAY, Lauren",Liberal National Party of Queensland,15066,4361,False,5173
Mansfield,https://results.elections.qld.gov.au/state2020/mansfield,https://results.elections.qld.gov.au/state2020/mansfield/preference,"MCMILLAN, Corrine",Australian Labor Party (State of Queensland),35064,30898,826,31724,90.47,15450,"MCMILLAN, Corrine",Australian Labor Party (State of Queensland),14256,"MCMILLAN, Corrine",Australian Labor Party (State of Queensland),17551,"WISHART, Janet",Liberal National Party of Queensland,13347,4204,False,3295
Maroochydore,https://results.elections.qld.gov.au/state2020/maroochydore,https://results.elections.qld.gov.au/state2020/maroochydore/preference,"SIMPSON, Fiona",Liberal National Party of Queensland,36020,30132,1327,31459,87.34,15067,"SIMPSON, Fiona",Liberal National Party of Queensland,14426,"SIMPSON, Fiona",Liberal National Party of Queensland,17814,"SMITH, Alison",Australian Labor Party (State of Queensland),12318,5496,False,3388
Maryborough,https://results.elections.qld.gov.au/state2020/maryborough,https://results.elections.qld.gov.au/state2020/maryborough/preference,"SAUNDERS, Bruce",Australian Labor Party (State of Queensland),38267,33325,1293,34618,90.46,16663,"SAUNDERS, Bruce",Australian Labor Party (State of Queensland),17751,"SAUNDERS, Bruce",Australian Labor Party (State of Queensland),20624,"CHAPMAN, Denis",Liberal National Party of Queensland,12701,7923,False,2873
McConnel,https://results.elections.qld.gov.au/state2020/mcconnel,https://results.elections.qld.gov.au/state2020/mcconnel/preference,"GRACE, Grace",Australian Labor Party (State of Queensland),39448,32911,885,33796,85.67,16456,"GRACE, Grace",Australian Labor Party (State of Queensland),11616,"GRACE, Grace",Australian Labor Party (State of Queensland),20096,"SINGH, Pinky",Liberal National Party of Queensland,12815,7281,False,8480
Mermaid Beach,https://results.elections.qld.gov.au/state2020/mermaidbeach,https://results.elections.qld.gov.au/state2020/mermaidbeach/preference,"STEVENS, Ray",Liberal National Party of Queensland,35823,28602,1870,30472,85.06,14302,"STEVENS, Ray",Liberal National Party of Queensland,12604,"STEVENS, Ray",Liberal National Party of Queensland,15558,"UNGERER, Carl",Australian Labor Party (State of Queensland),13044,2514,False,2954
Miller,https://results.elections.qld.gov.au/state2020/miller,https://results.elections.qld.gov.au/state2020/miller/preference,"BAILEY, Mark",Australian Labor Party (State of Queensland),35607,31927,620,32547,91.41,15964,"BAILEY, Mark",Australian Labor Party (State of Queensland),13407,"BAILEY, Mark",Australian Labor Party (State of Queensland),20376,"DARWEN, Paul",Liberal National Party of Queensland,11551,8825,False,6969
Mirani,https://results.elections.qld.gov.au/state2020/mirani,https://results.elections.qld.gov.au/state2020/mirani/preference,"ANDREW, Stephen",Pauline Hanson's One Nation Queensland Division,34141,29441,1146,30587,89.59,14721,"HAMILTON, Shane",Australian Labor Party (State of Queensland),9412,"ANDREW, Stephen",Pauline Hanson's One Nation Queensland Division,17363,"HAMILTON, Shane",Australian Labor Party (State of Queensland),12078,5285,True,8043
Moggill,https://results.elections.qld.gov.au/state2020/moggill,https://results.elections.qld.gov.au/state2020/moggill/preference,"ROWAN, Christian",Liberal National Party of Queensland,34935,31753,546,32299,92.45,15877,"ROWAN, Christian",Liberal National Party of Queensland,14888,"ROWAN, Christian",Liberal National Party of Queensland,17016,"ALBRECHT, Roberta",Australian Labor Party (State of Queensland),14737,2279,False,2128
Morayfield,https://results.elections.qld.gov.au/state2020/morayfield,https://results.elections.qld.gov.au/state2020/morayfield/preference,"RYAN, Mark",Australian Labor Party (State of Queensland),36991,30135,1429,31564,85.33,15068,"RYAN, Mark",Australian Labor Party (State of Queensland),16386,"RYAN, Mark",Australian Labor Party (State of Queensland),20109,"CRAIG, Theresa",Liberal National Party of Queensland,10026,10083,False,3723
Mount Ommaney,https://results.elections.qld.gov.au/state2020/mountommaney,https://results.elections.qld.gov.au/state2020/mountommaney/preference,"PUGH, Jess",Australian Labor Party (State of Queensland),35577,31963,905,32868,92.39,15982,"PUGH, Jess",Australian Labor Party (State of Queensland),16148,"PUGH, Jess",Australian Labor Party (State of Queensland),20012,"HOOPER, Roger",Liberal National Party of Queensland,11951,8061,False,3864
Mudgeeraba,https://results.elections.qld.gov.au/state2020/mudgeeraba,https://results.elections.qld.gov.au/state2020/mudgeeraba/preference,"BATES, Ros",Liberal National Party of Queensland,38319,31946,1667,33613,87.72,15974,"BATES, Ros",Liberal National Party of Queensland,15640,"BATES, Ros",Liberal National Party of Queensland,19196,"OTTEN-KAMP, Maxim",Australian Labor Party (State of Queensland),12750,6446,False,3556
Mulgrave,https://results.elections.qld.gov.au/state2020/mulgrave,https://results.elections.qld.gov.au/state2020/mulgrave/preference,"PITT, Curtis",Australian Labor Party (State of Queensland),35635,28587,1256,29843,83.75,14294,"PITT, Curtis",Australian Labor Party (State of Queensland),14254,"PITT, Curtis",Australian Labor Party (State of Queensland),17793,"VALLIANOS, Gerry",Liberal National Party of Queensland,10794,6999,False,3539
Mundingburra,https://results.elections.qld.gov.au/state2020/mundingburra,https://results.elections.qld.gov.au/state2020/mundingburra/preference,"WALKER, Les",Australian Labor Party (State of Queensland),33405,28360,945,29305,87.73,14181,"WALKER, Les",Australian Labor Party (State of Queensland),10839,"WALKER, Les",Australian Labor Party (State of Queensland),15295,"DOYLE, Glenn",Liberal National Party of Queensland,13065,2230,False,4456
Murrumba,https://results.elections.qld.gov.au/state2020/murrumba,https://results.elections.qld.gov.au/state2020/murrumba/preference,"MILES, Steven",Australian Labor Party (State of Queensland),41071,34488,1269,35757,87.06,17245,"MILES, Steven",Australian Labor Party (State of Queensland),17433,"MILES, Steven",Australian Labor Party (State of Queensland),21153,"BARLOW, Yvonne",Liberal National Party of Queensland,13335,7818,False,3720
Nanango,https://results.elections.qld.gov.au/state2020/nanango,https://results.elections.qld.gov.au/state2020/nanango/preference,"FRECKLINGTON, Deb",Liberal National Party of Queensland,37170,32226,859,33085,89.01,16114,"FRECKLINGTON, Deb",Liberal National Party of Queensland,16085,"FRECKLINGTON, Deb",Liberal National Party of Queensland,20049,"STAPLETON, Mark",Australian Labor Party (State of Queensland),12177,7872,False,3964
Nicklin,https://results.elections.qld.gov.au/state2020/nicklin,https://results.elections.qld.gov.au/state2020/nicklin/preference,"SKELTON, Robert",Australian Labor Party (State of Queensland),35007,29648,1138,30786,87.94,14825,"HUNT, Marty",Liberal National Party of Queensland,11255,"SKELTON, Robert",Australian Labor Party (State of Queensland),14866,"HUNT, Marty",Liberal National Party of Queensland,14782,84,True,4652
Ninderry,https://results.elections.qld.gov.au/state2020/ninderry,https://results.elections.qld.gov.au/state2020/ninderry/preference,"PURDIE, Dan",Liberal National Party of Queensland,38836,33133,1274,34407,88.6,16567,"PURDIE, Dan",Liberal National Party of Queensland,14582,"PURDIE, Dan",Liberal National Party of Queensland,17927,"DODDS, Melinda",Australian Labor Party (State of Queensland),15206,2721,False,3345
Noosa,https://results.elections.qld.gov.au/state2020/noosa,https://results.elections.qld.gov.au/state2020/noosa/preference,"BOLTON, Sandy",Independent,36797,31990,837,32827,89.21,15996,"BOLTON, Sandy",Independent,14051,"BOLTON, Sandy",Independent,21065,"BLEVIN, James",Liberal National Party of Queensland,10925,10140,False,7014
Nudgee,https://results.elections.qld.gov.au/state2020/nudgee,https://results.elections.qld.gov.au/state2020/nudgee/preference,"LINARD, Leanne",Australian Labor Party (State of Queensland),37845,32714,839,33553,88.66,16358,"LINARD, Leanne",Australian Labor Party (State of Queensland),16836,"LINARD, Leanne",Australian Labor Party (State of Queensland),21292,"SHAW, Ryan",Liberal National Party of Queensland,11422,9870,False,4456
Oodgeroo,https://results.elections.qld.gov.au/state2020/oodgeroo,https://results.elections.qld.gov.au/state2020/oodgeroo/preference,"ROBINSON, Mark",Liberal National Party of Queensland,33034,29563,894,30457,92.2,14782,"ROBINSON, Mark",Liberal National Party of Queensland,12083,"ROBINSON, Mark",Liberal National Party of Queensland,16105,"HENLEY, Irene",Australian Labor Party (State of Queensland),13458,2647,False,4022
Pine Rivers,https://results.elections.qld.gov.au/state2020/pinerivers,https://results.elections.qld.gov.au/state2020/pinerivers/preference,"BOYD, Nikki",Australian Labor Party (State of Queensland),37943,33618,1115,34733,91.54,16810,"BOYD, Nikki",Australian Labor Party (State of Queensland),14953,"BOYD, Nikki",Australian Labor Party (State of Queensland),19063,"THOMAS, Kara",Liberal National Party of Queensland,14555,4508,False,4110
Pumicestone,https://results.elections.qld.gov.au/state2020/pumicestone,https://results.elections.qld.gov.au/state2020/pumicestone/preference,"KING, Ali",Australian Labor Party (State of Queensland),38286,33436,1057,34493,90.09,16719,"KING, Ali",Australian Labor Party (State of Queensland),15423,"KING, Ali",Australian Labor Party (State of Queensland),18480,"GASKE, Fiona",Liberal National Party of Queensland,14956,3524,False,3057
Redcliffe,https://results.elections.qld.gov.au/state2020/redcliffe,https://results.elections.qld.gov.au/state2020/redcliffe/preference,"D'ATH, Yvette",Australian Labor Party (State of Queensland),38589,32753,1044,33797,87.58,16377,"D'ATH, Yvette",Australian Labor Party (State of Queensland),15371,"D'ATH, Yvette",Australian Labor Party (State of Queensland),18377,"DOOLEY, Kerri-Anne",Liberal National Party of Queensland,14376,4001,False,3006
Redlands,https://results.elections.qld.gov.au/state2020/redlands,https://results.elections.qld.gov.au/state2020/redlands/preference,"RICHARDS, Kim",Australian Labor Party (State of Queensland),37638,32665,1167,33832,89.89,16333,"RICHARDS, Kim",Australian Labor Party (State of Queensland),14211,"RICHARDS, Kim",Australian Labor Party (State of Queensland),17606,"PIKE, Henry",Liberal National Party of Queensland,15059,2547,False,3395
Rockhampton,https://results.elections.qld.gov.au/state2020/rockhampton,https://results.elections.qld.gov.au/state2020/rockhampton/preference,"O'ROURKE, Barry",Australian Labor Party (State of Queensland),36524,29986,1489,31475,86.18,14994,"O'ROURKE, Barry",Australian Labor Party (State of Queensland),13289,"O'ROURKE, Barry",Australian Labor Party (State of Queensland),17579,"HOPKINS, Tony",Liberal National Party of Queensland,12407,5172,False,4290
Sandgate,https://results.elections.qld.gov.au/state2020/sandgate,https://results.elections.qld.gov.au/state2020/sandgate/preference,"HINCHLIFFE, Stirling",Australian Labor Party (State of Queensland),36858,32565,908,33473,90.82,16283,"HINCHLIFFE, Stirling",Australian Labor Party (State of Queensland),17777,"HINCHLIFFE, Stirling",Australian Labor Party (State of Queensland),21916,"SIEMSEN, Clark",Liberal National Party of Queensland,10649,11267,False,4139
Scenic Rim,https://results.elections.qld.gov.au/state2020/scenicrim,https://results.elections.qld.gov.au/state2020/scenicrim/preference,"KRAUSE, Jon",Liberal National Party of Queensland,37878,32844,1061,33905,89.51,16423,"KRAUSE, Jon",Liberal National Party of Queensland,15592,"KRAUSE, Jon",Liberal National Party of Queensland,20182,"STANTON, Luz",Australian Labor Party (State of Queensland),12662,7520,False,4590
South Brisbane,https://results.elections.qld.gov.au/state2020/southbrisbane,https://results.elections.qld.gov.au/state2020/southbrisbane/preference,"MACMAHON, Amy",Queensland Greens,38892,33336,882,34218,87.98,16669,"MACMAHON, Amy",Queensland Greens,12631,"MACMAHON, Amy",Queensland Greens,18450,"TRAD, Jackie",Australian Labor Party (State of Queensland),14886,3564,False,5819
Southern Downs,https://results.elections.qld.gov.au/state2020/southerndowns,https://results.elections.qld.gov.au/state2020/southerndowns/preference,"LISTER, James",Liberal National Party of Queensland,36029,31561,756,32317,89.7,15781,"LISTER, James",Liberal National Party of Queensland,16285,"LISTER, James",Liberal National Party of Queensland,20229,"RICHTERS, Joel",Australian Labor Party (State of Queensland),11332,8897,False,3944
Southport,https://results.elections.qld.gov.au/state2020/southport,https://results.elections.qld.gov.au/state2020/southport/preference,"MOLHOEK, Rob",Liberal National Party of Queensland,34899,27939,1269,29208,83.69,13970,"MOLHOEK, Rob",Liberal National Party of Queensland,12734,"MOLHOEK, Rob",Liberal National Party of Queensland,15482,"GALLAGHER, Susie",Australian Labor Party (State of Queensland),12457,3025,False,2748
Springwood,https://results.elections.qld.gov.au/state2020/springwood,https://results.elections.qld.gov.au/state2020/springwood/preference,"DE BRENNI, Mick",Australian Labor Party (State of Queensland),35376,30882,1083,31965,90.36,15442,"DE BRENNI, Mick",Australian Labor Party (State of Queensland),15066,"DE BRENNI, Mick",Australian Labor Party (State of Queensland),18005,"BOULTON, Kirrily",Liberal National Party of Queensland,12877,5128,False,2939
Stafford,https://results.elections.qld.gov.au/state2020/stafford,https://results.elections.qld.gov.au/state2020/stafford/preference,"SULLIVAN, Jimmy",Australian Labor Party (State of Queensland),38928,33954,827,34781,89.35,16978,"SULLIVAN, Jimmy",Australian Labor Party (State of Queensland),15472,"SULLIVAN, Jimmy",Australian Labor Party (State of Queensland),21012,"SANGJITPHUN, Ed",Liberal National Party of Queensland,12942,8070,False,5540
Stretton,https://results.elections.qld.gov.au/state2020/stretton,https://results.elections.qld.gov.au/state2020/stretton/preference,"PEGG, Duncan",Australian Labor Party (State of Queensland),33611,28500,1010,29510,87.8,14251,"PEGG, Duncan",Australian Labor Party (State of Queensland),16128,"PEGG, Duncan",Australian Labor Party (State of Queensland),18473,"ZHUANG, Peter",Liberal National Party of Queensland,10027,8446,False,2345
Surfers Paradise,https://results.elections.qld.gov.au/state2020/surfersparadise,https://results.elections.qld.gov.au/state2020/surfersparadise/preference,"LANGBROEK, John-Paul",Liberal National Party of Queensland,35065,28528,1031,29559,84.3,14265,"LANGBROEK, John-Paul",Liberal National Party of Queensland,16470,"LANGBROEK, John-Paul",Liberal National Party of Queensland,18890,"BAILEY, Brianna",Australian Labor Party (State of Queensland),9638,9252,False,2420
Theodore,https://results.elections.qld.gov.au/state2020/theodore,https://results.elections.qld.gov.au/state2020/theodore/preference,"BOOTHMAN, Mark",Liberal National Party of Queensland,35641,30127,1360,31487,88.34,15064,"BOOTHMAN, Mark",Liberal National Party of Queensland,13320,"BOOTHMAN, Mark",Liberal National Party of Queensland,16066,"BELL, Tracey",Australian Labor Party (State of Queensland),14061,2005,False,2746
Thuringowa,https://results.elections.qld.gov.au/state2020/thuringowa,https://results.elections.qld.gov.au/state2020/thuringowa/preference,"HARPER, Aaron",Australian Labor Party (State of Queensland),36034,29654,1182,30836,85.57,14828,"HARPER, Aaron",Australian Labor Party (State of Queensland),10922,"HARPER, Aaron",Australian Labor Party (State of Queensland),15790,"MARR, Natalie",Liberal National Party of Queensland,13864,1926,False,4868
Toohey,https://results.elections.qld.gov.au/state2020/toohey,https://results.elections.qld.gov.au/state2020/toohey/preference,"RUSSO, Peter",Australian Labor Party (State of Queensland),34022,28944,990,29934,87.98,14473,"RUSSO, Peter",Australian Labor Party (State of Queensland),14591,"RUSSO, Peter",Australian Labor Party (State of Queensland),18674,"CRAZE, Warren",Liberal National Party of Queensland,10270,8404,False,4083
Toowoomba North,https://results.elections.qld.gov.au/state2020/toowoombanorth,https://results.elections.qld.gov.au/state2020/toowoombanorth/preference,"WATTS, Trevor",Liberal National Party of Queensland,37423,32236,819,33055,88.33,16119,"WATTS, Trevor",Liberal National Party of Queensland,16115,"WATTS, Trevor",Liberal National Party of Queensland,18479,"O'HARA SULLIVAN, Megan",Australian Labor Party (State of Queensland),13757,4722,False,2364
Toowoomba South,https://results.elections.qld.gov.au/state2020/toowoombasouth,https://results.elections.qld.gov.au/state2020/toowoombasouth/preference,"JANETZKI, David",Liberal National Party of Queensland,37750,32511,929,33440,88.58,16256,"JANETZKI, David",Liberal National Party of Queensland,16689,"JANETZKI, David",Liberal National Party of Queensland,19579,"KRAUSE, Susan",Australian Labor Party (State of Queensland),12932,6647,False,2890
Townsville,https://results.elections.qld.gov.au/state2020/townsville,https://results.elections.qld.gov.au/state2020/townsville/preference,"STEWART, Scott",Australian Labor Party (State of Queensland),35337,28425,1484,29909,84.64,14213,"STEWART, Scott",Australian Labor Party (State of Queensland),10289,"STEWART, Scott",Australian Labor Party (State of Queensland),15099,"HATHAWAY, John",Liberal National Party of Queensland,13326,1773,False,4810
Traeger,https://results.elections.qld.gov.au/state2020/traeger,https://results.elections.qld.gov.au/state2020/traeger/preference,"KATTER, Robbie",Katter's Australian Party (KAP),26386,20469,633,21102,79.97,10235,"KATTER, Robbie",Katter's Australian Party (KAP),12047,"KATTER, Robbie",Katter's Australian Party (KAP),15295,"BAMBRICK, James",Australian Labor Party (State of Queensland),5174,10121,False,3248
Warrego,https://results.elections.qld.gov.au/state2020/warrego,https://results.elections.qld.gov.au/state2020/warrego/preference,"LEAHY, Ann",Liberal National Party of Queensland,29307,25188,521,25709,87.72,12595,"LEAHY, Ann",Liberal National Party of Queensland,14100,"LEAHY, Ann",Liberal National Party of Queensland,18424,"O'BRIEN, Mark",Australian Labor Party (State of Queensland),6764,11660,False,4324
Waterford,https://results.elections.qld.gov.au/state2020/waterford,https://results.elections.qld.gov.au/state2020/waterford/preference,"FENTIMAN, Shannon",Australian Labor Party (State of Queensland),34157,27073,1463,28536,83.54,13537,"FENTIMAN, Shannon",Australian Labor Party (State of Queensland),14759,"FENTIMAN, Shannon",Australian Labor Party (State of Queensland),17873,"CASWELL, Andrew",Liberal National Party of Queensland,9200,8673,False,3114
Whitsunday,https://results.elections.qld.gov.au/state2020/whitsunday,https://results.elections.qld.gov.au/state2020/whitsunday/preference,"CAMM, Amanda",Liberal National Party of Queensland,34824,29201,1114,30315,87.05,14601,"CAMM, Amanda",Liberal National Party of Queensland,9592,"CAMM, Amanda",Liberal National Party of Queensland,15552,"KELLY, Angie",Australian Labor Party (State of Queensland),13649,1903,False,5960
Woodridge,https://results.elections.qld.gov.au/state2020/woodridge,https://results.elections.qld.gov.au/state2020/woodridge/preference,"DICK, Cameron",Australian Labor Party (State of Queensland),36787,28274,1634,29908,81.3,14138,"DICK, Cameron",Australian Labor Party (State of Queensland),18935,"DICK, Cameron",Australian Labor Party (State of Queensland),21558,"BAUER, Russell",Liberal National Party of Queensland,6716,14842,False,2623
