district,district_url,distribution_url,elected_member,elected_members,elected_party,members_to_elect,enrolment,formal_votes,informal_votes,total_votes,turnout_pct,majority,round_number,row_type,excluded_candidate,excluded_party,candidate,candidate_members,candidate_party,votes,electorate_type,contest_status
Aljunied,https://www.eld.gov.sg/finalresults2025.html,https://www.eld.gov.sg/gazette_2025.html,WP team,Fadli Fawzi;Gerald Giam Yean Song;Sylvia Lim Swee Lian;Pritam Singh;Kenneth Tiong Boon Kiat,WP,5,144298,132725,1342,134067,92.91,66363,0,first,,,WP team,Fadli Fawzi;Gerald Giam Yean Song;Sylvia Lim Swee Lian;Pritam Singh;Kenneth Tiong Boon Kiat,WP,79254,GRC,official
Aljunied,https://www.eld.gov.sg/finalresults2025.html,https://www.eld.gov.sg/gazette_2025.html,WP team,Fadli Fawzi;Gerald Giam Yean Song;Sylvia Lim Swee Lian;Pritam Singh;Kenneth Tiong Boon Kiat,WP,5,144298,132725,1342,134067,92.91,66363,0,first,,,PAP team,"Ang Zi Yang, Adrian;Chan Hui Yuh;Faisal Abdul Aziz;Jagathishwaran Rajo;Liu Keyuan, Daniel",PAP,53471,GRC,official
Aljunied,https://www.eld.gov.sg/finalresults2025.html,https://www.eld.gov.sg/gazette_2025.html,WP team,Fadli Fawzi;Gerald Giam Yean Song;Sylvia Lim Swee Lian;Pritam Singh;Kenneth Tiong Boon Kiat,WP,5,144298,132725,1342,134067,92.91,66363,1,final,,,WP team,Fadli Fawzi;Gerald Giam Yean Song;Sylvia Lim Swee Lian;Pritam Singh;Kenneth Tiong Boon Kiat,WP,79254,GRC,official
Aljunied,https://www.eld.gov.sg/finalresults2025.html,https://www.eld.gov.sg/gazette_2025.html,WP team,Fadli Fawzi;Gerald Giam Yean Song;Sylvia Lim Swee Lian;Pritam Singh;Kenneth Tiong Boon Kiat,WP,5,144298,132725,1342,134067,92.91,66363,1,final,,,PAP team,"Ang Zi Yang, Adrian;Chan Hui Yuh;Faisal Abdul Aziz;Jagathishwaran Rajo;Liu Keyuan, Daniel",PAP,53471,GRC,official
Ang Mo Kio,https://www.eld.gov.sg/finalresults2025.html,https://www.eld.gov.sg/gazette_2025.html,PAP team,Darryl David;Jasmin Lau;Lee Hsien Loong;Victor Lye;Nadia Ahmad Samdin,PAP,5,161499,146365,4399,150764,93.35,73183,0,first,,,PAP team,Darryl David;Jasmin Lau;Lee Hsien Loong;Victor Lye;Nadia Ahmad Samdin,PAP,115562,GRC,official
Ang Mo Kio,https://www.eld.gov.sg/finalresults2025.html,https://www.eld.gov.sg/gazette_2025.html,PAP team,Darryl David;Jasmin Lau;Lee Hsien Loong;Victor Lye;Nadia Ahmad Samdin,PAP,5,161499,146365,4399,150764,93.35,73183,0,first,,,SUP team,Vincent Ng Kian Guan;Nigel Ng;Noraini Yunus;Ridhuan Chandran;Zhu Laicheng,SUP,15874,GRC,official
Ang Mo Kio,https://www.eld.gov.sg/finalresults2025.html,https://www.eld.gov.sg/gazette_2025.html,PAP team,Darryl David;Jasmin Lau;Lee Hsien Loong;Victor Lye;Nadia Ahmad Samdin,PAP,5,161499,146365,4399,150764,93.35,73183,0,first,,,PPP team,"Heng Zheng Dao;Ho Yuen Liung Martinn;Lee Yuru, Samuel;Lim Lian Chin;Thaddeus Shamraj S/O Thomas Selvaraj",PPP,14929,GRC,official
Ang Mo Kio,https://www.eld.gov.sg/finalresults2025.html,https://www.eld.gov.sg/gazette_2025.html,PAP team,Darryl David;Jasmin Lau;Lee Hsien Loong;Victor Lye;Nadia Ahmad Samdin,PAP,5,161499,146365,4399,150764,93.35,73183,1,final,,,PAP team,Darryl David;Jasmin Lau;Lee Hsien Loong;Victor Lye;Nadia Ahmad Samdin,PAP,115562,GRC,official
Ang Mo Kio,https://www.eld.gov.sg/finalresults2025.html,https://www.eld.gov.sg/gazette_2025.html,PAP team,Darryl David;Jasmin Lau;Lee Hsien Loong;Victor Lye;Nadia Ahmad Samdin,PAP,5,161499,146365,4399,150764,93.35,73183,1,final,,,SUP team,Vincent Ng Kian Guan;Nigel Ng;Noraini Yunus;Ridhuan Chandran;Zhu Laicheng,SUP,15874,GRC,official
Ang Mo Kio,https://www.eld.gov.sg/finalresults2025.html,https://www.eld.gov.sg/gazette_2025.html,PAP team,Darryl David;Jasmin Lau;Lee Hsien Loong;Victor Lye;Nadia Ahmad Samdin,PAP,5,161499,146365,4399,150764,93.35,73183,1,final,,,PPP team,"Heng Zheng Dao;Ho Yuen Liung Martinn;Lee Yuru, Samuel;Lim Lian Chin;Thaddeus Shamraj S/O Thomas Selvaraj",PPP,14929,GRC,official
Bukit Gombak,https://www.eld.gov.sg/finalresults2025.html,https://www.eld.gov.sg/gazette_2025.html,Low Yen Ling,Low Yen Ling,PAP,1,26427,23672,298,23970,90.7,11837,0,first,,,Low Yen Ling,Low Yen Ling,PAP,17946,SMC,official
Bukit Gombak,https://www.eld.gov.sg/finalresults2025.html,https://www.eld.gov.sg/gazette_2025.html,Low Yen Ling,Low Yen Ling,PAP,1,26427,23672,298,23970,90.7,11837,0,first,,,Harish Pillay,Harish Pillay,PSP,5726,SMC,official
Bukit Gombak,https://www.eld.gov.sg/finalresults2025.html,https://www.eld.gov.sg/gazette_2025.html,Low Yen Ling,Low Yen Ling,PAP,1,26427,23672,298,23970,90.7,11837,1,final,,,Low Yen Ling,Low Yen Ling,PAP,17946,SMC,official
Bukit Gombak,https://www.eld.gov.sg/finalresults2025.html,https://www.eld.gov.sg/gazette_2025.html,Low Yen Ling,Low Yen Ling,PAP,1,26427,23672,298,23970,90.7,11837,1,final,,,Harish Pillay,Harish Pillay,PSP,5726,SMC,official
Bukit Panjang,https://www.eld.gov.sg/finalresults2025.html,https://www.eld.gov.sg/gazette_2025.html,Liang Eng Hwa,Liang Eng Hwa,PAP,1,33596,31203,350,31553,93.92,15602,0,first,,,Liang Eng Hwa,Liang Eng Hwa,PAP,19152,SMC,official
Bukit Panjang,https://www.eld.gov.sg/finalresults2025.html,https://www.eld.gov.sg/gazette_2025.html,Liang Eng Hwa,Liang Eng Hwa,PAP,1,33596,31203,350,31553,93.92,15602,0,first,,,Paul Anantharajah Tambyah,Paul Anantharajah Tambyah,SDP,12051,SMC,official
Bukit Panjang,https://www.eld.gov.sg/finalresults2025.html,https://www.eld.gov.sg/gazette_2025.html,Liang Eng Hwa,Liang Eng Hwa,PAP,1,33596,31203,350,31553,93.92,15602,1,final,,,Liang Eng Hwa,Liang Eng Hwa,PAP,19152,SMC,official
Bukit Panjang,https://www.eld.gov.sg/finalresults2025.html,https://www.eld.gov.sg/gazette_2025.html,Liang Eng Hwa,Liang Eng Hwa,PAP,1,33596,31203,350,31553,93.92,15602,1,final,,,Paul Anantharajah Tambyah,Paul Anantharajah Tambyah,SDP,12051,SMC,official
Bishan-Toa Payoh,https://www.eld.gov.sg/finalresults2025.html,https://www.eld.gov.sg/gazette_2025.html,PAP team,Cai Yinzhou;Chee Hong Tat;Elysa Chen;Saktiandi Supaat,PAP,4,98708,88399,2092,90491,91.68,44200,0,first,,,PAP team,Cai Yinzhou;Chee Hong Tat;Elysa Chen;Saktiandi Supaat,PAP,66455,GRC,official
Bishan-Toa Payoh,https://www.eld.gov.sg/finalresults2025.html,https://www.eld.gov.sg/gazette_2025.html,PAP team,Cai Yinzhou;Chee Hong Tat;Elysa Chen;Saktiandi Supaat,PAP,4,98708,88399,2092,90491,91.68,44200,0,first,,,SPP team,Steve Chia;Melvyn Chiu;Lim Rui Xian;Norhakim,SPP,21944,GRC,official
Bishan-Toa Payoh,https://www.eld.gov.sg/finalresults2025.html,https://www.eld.gov.sg/gazette_2025.html,PAP team,Cai Yinzhou;Chee Hong Tat;Elysa Chen;Saktiandi Supaat,PAP,4,98708,88399,2092,90491,91.68,44200,1,final,,,PAP team,Cai Yinzhou;Chee Hong Tat;Elysa Chen;Saktiandi Supaat,PAP,66455,GRC,official
Bishan-Toa Payoh,https://www.eld.gov.sg/finalresults2025.html,https://www.eld.gov.sg/gazette_2025.html,PAP team,Cai Yinzhou;Chee Hong Tat;Elysa Chen;Saktiandi Supaat,PAP,4,98708,88399,2092,90491,91.68,44200,1,final,,,SPP team,Steve Chia;Melvyn Chiu;Lim Rui Xian;Norhakim,SPP,21944,GRC,official
Chua Chu Kang,https://www.eld.gov.sg/finalresults2025.html,https://www.eld.gov.sg/gazette_2025.html,PAP team,Choo Pei Ling;Jeffrey Siow;Tan See Leng;Zhulkarnain Abdul Rahim,PAP,4,93522,86702,1191,87893,93.98,43352,0,first,,,PAP team,Choo Pei Ling;Jeffrey Siow;Tan See Leng;Zhulkarnain Abdul Rahim,PAP,55140,GRC,official
Chua Chu Kang,https://www.eld.gov.sg/finalresults2025.html,https://www.eld.gov.sg/gazette_2025.html,PAP team,Choo Pei Ling;Jeffrey Siow;Tan See Leng;Zhulkarnain Abdul Rahim,PAP,4,93522,86702,1191,87893,93.98,43352,0,first,,,PSP team,A'bas Bin Kasmani;Wendy Low Wei Ling;Lawrence Pek Eng Leong;S Nallakaruppan,PSP,31562,GRC,official
Chua Chu Kang,https://www.eld.gov.sg/finalresults2025.html,https://www.eld.gov.sg/gazette_2025.html,PAP team,Choo Pei Ling;Jeffrey Siow;Tan See Leng;Zhulkarnain Abdul Rahim,PAP,4,93522,86702,1191,87893,93.98,43352,1,final,,,PAP team,Choo Pei Ling;Jeffrey Siow;Tan See Leng;Zhulkarnain Abdul Rahim,PAP,55140,GRC,official
Chua Chu Kang,https://www.eld.gov.sg/finalresults2025.html,https://www.eld.gov.sg/gazette_2025.html,PAP team,Choo Pei Ling;Jeffrey Siow;Tan See Leng;Zhulkarnain Abdul Rahim,PAP,4,93522,86702,1191,87893,93.98,43352,1,final,,,PSP team,A'bas Bin Kasmani;Wendy Low Wei Ling;Lawrence Pek Eng Leong;S Nallakaruppan,PSP,31562,GRC,official
East Coast,https://www.eld.gov.sg/finalresults2025.html,https://www.eld.gov.sg/gazette_2025.html,PAP team,Dinesh Vasu Dash;Hazlina Binte Abdul Halim;Tan Kiat How;Tan Soon Neo Jessica;Tong Chun Fai Edwin Charles,PAP,5,151073,136393,1570,137963,91.32,68197,0,first,,,PAP team,Dinesh Vasu Dash;Hazlina Binte Abdul Halim;Tan Kiat How;Tan Soon Neo Jessica;Tong Chun Fai Edwin Charles,PAP,80105,GRC,official
East Coast,https://www.eld.gov.sg/finalresults2025.html,https://www.eld.gov.sg/gazette_2025.html,PAP team,Dinesh Vasu Dash;Hazlina Binte Abdul Halim;Tan Kiat How;Tan Soon Neo Jessica;Tong Chun Fai Edwin Charles,PAP,5,151073,136393,1570,137963,91.32,68197,0,first,,,WP team,"Koh Kim Kui, Nathaniel;Kuan Hon Whye, Jasper;Paris V Parameswari;Sufyan Mikhail Putra Mohd Kamil;Yee Jenn Jong",WP,56288,GRC,official
East Coast,https://www.eld.gov.sg/finalresults2025.html,https://www.eld.gov.sg/gazette_2025.html,PAP team,Dinesh Vasu Dash;Hazlina Binte Abdul Halim;Tan Kiat How;Tan Soon Neo Jessica;Tong Chun Fai Edwin Charles,PAP,5,151073,136393,1570,137963,91.32,68197,1,final,,,PAP team,Dinesh Vasu Dash;Hazlina Binte Abdul Halim;Tan Kiat How;Tan Soon Neo Jessica;Tong Chun Fai Edwin Charles,PAP,80105,GRC,official
East Coast,https://www.eld.gov.sg/finalresults2025.html,https://www.eld.gov.sg/gazette_2025.html,PAP team,Dinesh Vasu Dash;Hazlina Binte Abdul Halim;Tan Kiat How;Tan Soon Neo Jessica;Tong Chun Fai Edwin Charles,PAP,5,151073,136393,1570,137963,91.32,68197,1,final,,,WP team,"Koh Kim Kui, Nathaniel;Kuan Hon Whye, Jasper;Paris V Parameswari;Sufyan Mikhail Putra Mohd Kamil;Yee Jenn Jong",WP,56288,GRC,official
Hougang,https://www.eld.gov.sg/finalresults2025.html,https://www.eld.gov.sg/gazette_2025.html,Dennis Tan Lip Fong,Dennis Tan Lip Fong,WP,1,29464,27283,296,27579,93.6,13642,0,first,,,Dennis Tan Lip Fong,Dennis Tan Lip Fong,WP,16956,SMC,official
Hougang,https://www.eld.gov.sg/finalresults2025.html,https://www.eld.gov.sg/gazette_2025.html,Dennis Tan Lip Fong,Dennis Tan Lip Fong,WP,1,29464,27283,296,27579,93.6,13642,0,first,,,Marshall Lim Yu Hui,Marshall Lim Yu Hui,PAP,10327,SMC,official
Hougang,https://www.eld.gov.sg/finalresults2025.html,https://www.eld.gov.sg/gazette_2025.html,Dennis Tan Lip Fong,Dennis Tan Lip Fong,WP,1,29464,27283,296,27579,93.6,13642,1,final,,,Dennis Tan Lip Fong,Dennis Tan Lip Fong,WP,16956,SMC,official
Hougang,https://www.eld.gov.sg/finalresults2025.html,https://www.eld.gov.sg/gazette_2025.html,Dennis Tan Lip Fong,Dennis Tan Lip Fong,WP,1,29464,27283,296,27579,93.6,13642,1,final,,,Marshall Lim Yu Hui,Marshall Lim Yu Hui,PAP,10327,SMC,official
Holland-Bukit Timah,https://www.eld.gov.sg/finalresults2025.html,https://www.eld.gov.sg/gazette_2025.html,PAP team,Edward Chia Bing Hui;Christopher De Souza;Sim Ann;Vivian Balakrishnan,PAP,4,123225,109698,2694,112392,91.21,54850,0,first,,,PAP team,Edward Chia Bing Hui;Christopher De Souza;Sim Ann;Vivian Balakrishnan,PAP,86936,GRC,official
Holland-Bukit Timah,https://www.eld.gov.sg/finalresults2025.html,https://www.eld.gov.sg/gazette_2025.html,PAP team,Edward Chia Bing Hui;Christopher De Souza;Sim Ann;Vivian Balakrishnan,PAP,4,123225,109698,2694,112392,91.21,54850,0,first,,,RDU team,Mohd Fazli Bin Talip;Nizar Subair;Sharad Kumar;Emily Woo,RDU,22762,GRC,official
Holland-Bukit Timah,https://www.eld.gov.sg/finalresults2025.html,https://www.eld.gov.sg/gazette_2025.html,PAP team,Edward Chia Bing Hui;Christopher De Souza;Sim Ann;Vivian Balakrishnan,PAP,4,123225,109698,2694,112392,91.21,54850,1,final,,,PAP team,Edward Chia Bing Hui;Christopher De Souza;Sim Ann;Vivian Balakrishnan,PAP,86936,GRC,official
Holland-Bukit Timah,https://www.eld.gov.sg/finalresults2025.html,https://www.eld.gov.sg/gazette_2025.html,PAP team,Edward Chia Bing Hui;Christopher De Souza;Sim Ann;Vivian Balakrishnan,PAP,4,123225,109698,2694,112392,91.21,54850,1,final,,,RDU team,Mohd Fazli Bin Talip;Nizar Subair;Sharad Kumar;Emily Woo,RDU,22762,GRC,official
Jalan Besar,https://www.eld.gov.sg/finalresults2025.html,https://www.eld.gov.sg/gazette_2025.html,PAP team,Shawn Loh Shou-En;Denise Phua Lay Peng;Mrs Josephine Teo;Wan Rizal,PAP,4,106342,93869,3349,97218,91.42,46935,0,first,,,PAP team,Shawn Loh Shou-En;Denise Phua Lay Peng;Mrs Josephine Teo;Wan Rizal,PAP,70602,GRC,official
Jalan Besar,https://www.eld.gov.sg/finalresults2025.html,https://www.eld.gov.sg/gazette_2025.html,PAP team,Shawn Loh Shou-En;Denise Phua Lay Peng;Mrs Josephine Teo;Wan Rizal,PAP,4,106342,93869,3349,97218,91.42,46935,0,first,,,PAR team,Chiu Shin Kong;Mohamad Hamim Bin Aliyas;Sarina Binte Abu Hassan;Vigneswari D/O V Ramachandran,PAR,23267,GRC,official
Jalan Besar,https://www.eld.gov.sg/finalresults2025.html,https://www.eld.gov.sg/gazette_2025.html,PAP team,Shawn Loh Shou-En;Denise Phua Lay Peng;Mrs Josephine Teo;Wan Rizal,PAP,4,106342,93869,3349,97218,91.42,46935,1,final,,,PAP team,Shawn Loh Shou-En;Denise Phua Lay Peng;Mrs Josephine Teo;Wan Rizal,PAP,70602,GRC,official
Jalan Besar,https://www.eld.gov.sg/finalresults2025.html,https://www.eld.gov.sg/gazette_2025.html,PAP team,Shawn Loh Shou-En;Denise Phua Lay Peng;Mrs Josephine Teo;Wan Rizal,PAP,4,106342,93869,3349,97218,91.42,46935,1,final,,,PAR team,Chiu Shin Kong;Mohamad Hamim Bin Aliyas;Sarina Binte Abu Hassan;Vigneswari D/O V Ramachandran,PAR,23267,GRC,official
Jurong East-Bukit Batok,https://www.eld.gov.sg/finalresults2025.html,https://www.eld.gov.sg/gazette_2025.html,PAP team,"Grace Fu Hai Yien;Hoe Teck Chye, David;Lee Hong Chuang;Murali Pillai;Rahayu Binte Mahzam",PAP,5,142753,130034,3198,133232,93.33,65018,0,first,,,PAP team,"Grace Fu Hai Yien;Hoe Teck Chye, David;Lee Hong Chuang;Murali Pillai;Rahayu Binte Mahzam",PAP,99692,GRC,official
Jurong East-Bukit Batok,https://www.eld.gov.sg/finalresults2025.html,https://www.eld.gov.sg/gazette_2025.html,PAP team,"Grace Fu Hai Yien;Hoe Teck Chye, David;Lee Hong Chuang;Murali Pillai;Rahayu Binte Mahzam",PAP,5,142753,130034,3198,133232,93.33,65018,0,first,,,RDU team,Harish Mohanadas;Liyana Dhamirah;Marcus Neo Kai Jie;Osman Sulaiman;Ben Puah,RDU,30342,GRC,official
Jurong East-Bukit Batok,https://www.eld.gov.sg/finalresults2025.html,https://www.eld.gov.sg/gazette_2025.html,PAP team,"Grace Fu Hai Yien;Hoe Teck Chye, David;Lee Hong Chuang;Murali Pillai;Rahayu Binte Mahzam",PAP,5,142753,130034,3198,133232,93.33,65018,1,final,,,PAP team,"Grace Fu Hai Yien;Hoe Teck Chye, David;Lee Hong Chuang;Murali Pillai;Rahayu Binte Mahzam",PAP,99692,GRC,official
Jurong East-Bukit Batok,https://www.eld.gov.sg/finalresults2025.html,https://www.eld.gov.sg/gazette_2025.html,PAP team,"Grace Fu Hai Yien;Hoe Teck Chye, David;Lee Hong Chuang;Murali Pillai;Rahayu Binte Mahzam",PAP,5,142753,130034,3198,133232,93.33,65018,1,final,,,RDU team,Harish Mohanadas;Liyana Dhamirah;Marcus Neo Kai Jie;Osman Sulaiman;Ben Puah,RDU,30342,GRC,official
Jalan Kayu,https://www.eld.gov.sg/finalresults2025.html,https://www.eld.gov.sg/gazette_2025.html,Ng Chee Meng,Ng Chee Meng,PAP,1,29628,27483,377,27860,94.03,13742,0,first,,,Ng Chee Meng,Ng Chee Meng,PAP,14146,SMC,official
Jalan Kayu,https://www.eld.gov.sg/finalresults2025.html,https://www.eld.gov.sg/gazette_2025.html,Ng Chee Meng,Ng Chee Meng,PAP,1,29628,27483,377,27860,94.03,13742,0,first,,,Low Wu Yang Andre,Low Wu Yang Andre,WP,13337,SMC,official
Jalan Kayu,https://www.eld.gov.sg/finalresults2025.html,https://www.eld.gov.sg/gazette_2025.html,Ng Chee Meng,Ng Chee Meng,PAP,1,29628,27483,377,27860,94.03,13742,1,final,,,Ng Chee Meng,Ng Chee Meng,PAP,14146,SMC,official
Jalan Kayu,https://www.eld.gov.sg/finalresults2025.html,https://www.eld.gov.sg/gazette_2025.html,Ng Chee Meng,Ng Chee Meng,PAP,1,29628,27483,377,27860,94.03,13742,1,final,,,Low Wu Yang Andre,Low Wu Yang Andre,WP,13337,SMC,official
Jurong Central,https://www.eld.gov.sg/finalresults2025.html,https://www.eld.gov.sg/gazette_2025.html,Xie Yao Quan,Xie Yao Quan,PAP,1,29667,27260,531,27791,93.68,13631,0,first,,,Xie Yao Quan,Xie Yao Quan,PAP,21947,SMC,official
Jurong Central,https://www.eld.gov.sg/finalresults2025.html,https://www.eld.gov.sg/gazette_2025.html,Xie Yao Quan,Xie Yao Quan,PAP,1,29667,27260,531,27791,93.68,13631,0,first,,,Kala Manickam,Kala Manickam,RDU,5313,SMC,official
Jurong Central,https://www.eld.gov.sg/finalresults2025.html,https://www.eld.gov.sg/gazette_2025.html,Xie Yao Quan,Xie Yao Quan,PAP,1,29667,27260,531,27791,93.68,13631,1,final,,,Xie Yao Quan,Xie Yao Quan,PAP,21947,SMC,official
Jurong Central,https://www.eld.gov.sg/finalresults2025.html,https://www.eld.gov.sg/gazette_2025.html,Xie Yao Quan,Xie Yao Quan,PAP,1,29667,27260,531,27791,93.68,13631,1,final,,,Kala Manickam,Kala Manickam,RDU,5313,SMC,official
Kebun Baru,https://www.eld.gov.sg/finalresults2025.html,https://www.eld.gov.sg/gazette_2025.html,Kwek Hian Chuan,Kwek Hian Chuan,PAP,1,22263,20129,325,20454,91.87,10065,0,first,,,Kwek Hian Chuan,Kwek Hian Chuan,PAP,13787,SMC,official
Kebun Baru,https://www.eld.gov.sg/finalresults2025.html,https://www.eld.gov.sg/gazette_2025.html,Kwek Hian Chuan,Kwek Hian Chuan,PAP,1,22263,20129,325,20454,91.87,10065,0,first,,,Tony Tan Lay Thiam,Tony Tan Lay Thiam,PSP,6342,SMC,official
Kebun Baru,https://www.eld.gov.sg/finalresults2025.html,https://www.eld.gov.sg/gazette_2025.html,Kwek Hian Chuan,Kwek Hian Chuan,PAP,1,22263,20129,325,20454,91.87,10065,1,final,,,Kwek Hian Chuan,Kwek Hian Chuan,PAP,13787,SMC,official
Kebun Baru,https://www.eld.gov.sg/finalresults2025.html,https://www.eld.gov.sg/gazette_2025.html,Kwek Hian Chuan,Kwek Hian Chuan,PAP,1,22263,20129,325,20454,91.87,10065,1,final,,,Tony Tan Lay Thiam,Tony Tan Lay Thiam,PSP,6342,SMC,official
Mountbatten,https://www.eld.gov.sg/finalresults2025.html,https://www.eld.gov.sg/gazette_2025.html,Gho Sze Kee,Gho Sze Kee,PAP,1,22843,19745,474,20219,88.51,9873,0,first,,,Gho Sze Kee,Gho Sze Kee,PAP,12602,SMC,official
Mountbatten,https://www.eld.gov.sg/finalresults2025.html,https://www.eld.gov.sg/gazette_2025.html,Gho Sze Kee,Gho Sze Kee,PAP,1,22843,19745,474,20219,88.51,9873,0,first,,,"Tan Wei Yang, Jeremy","Tan Wei Yang, Jeremy",Independent,7143,SMC,official
Mountbatten,https://www.eld.gov.sg/finalresults2025.html,https://www.eld.gov.sg/gazette_2025.html,Gho Sze Kee,Gho Sze Kee,PAP,1,22843,19745,474,20219,88.51,9873,1,final,,,Gho Sze Kee,Gho Sze Kee,PAP,12602,SMC,official
Mountbatten,https://www.eld.gov.sg/finalresults2025.html,https://www.eld.gov.sg/gazette_2025.html,Gho Sze Kee,Gho Sze Kee,PAP,1,22843,19745,474,20219,88.51,9873,1,final,,,"Tan Wei Yang, Jeremy","Tan Wei Yang, Jeremy",Independent,7143,SMC,official
Marine Parade-Braddell Heights,https://www.eld.gov.sg/finalresults2025.html,https://www.eld.gov.sg/gazette_2025.html,PAP team,Goh Pei Ming;Muhammad Faishal Ibrahim;Diana Pang Li Yen;Seah Kian Peng;Tin Pei Ling,PAP,5,131820,0,0,0,0.0,0,0,first,,,PAP team,Goh Pei Ming;Muhammad Faishal Ibrahim;Diana Pang Li Yen;Seah Kian Peng;Tin Pei Ling,PAP,0,GRC,uncontested
Marine Parade-Braddell Heights,https://www.eld.gov.sg/finalresults2025.html,https://www.eld.gov.sg/gazette_2025.html,PAP team,Goh Pei Ming;Muhammad Faishal Ibrahim;Diana Pang Li Yen;Seah Kian Peng;Tin Pei Ling,PAP,5,131820,0,0,0,0.0,0,1,final,,,PAP team,Goh Pei Ming;Muhammad Faishal Ibrahim;Diana Pang Li Yen;Seah Kian Peng;Tin Pei Ling,PAP,0,GRC,uncontested
Marymount,https://www.eld.gov.sg/finalresults2025.html,https://www.eld.gov.sg/gazette_2025.html,Gan Siow Huang,Gan Siow Huang,PAP,1,23275,21141,251,21392,91.91,10571,0,first,,,Gan Siow Huang,Gan Siow Huang,PAP,14954,SMC,official
Marymount,https://www.eld.gov.sg/finalresults2025.html,https://www.eld.gov.sg/gazette_2025.html,Gan Siow Huang,Gan Siow Huang,PAP,1,23275,21141,251,21392,91.91,10571,0,first,,,Khoo Poh Tiong Jeffrey,Khoo Poh Tiong Jeffrey,PSP,6187,SMC,official
Marymount,https://www.eld.gov.sg/finalresults2025.html,https://www.eld.gov.sg/gazette_2025.html,Gan Siow Huang,Gan Siow Huang,PAP,1,23275,21141,251,21392,91.91,10571,1,final,,,Gan Siow Huang,Gan Siow Huang,PAP,14954,SMC,official
Marymount,https://www.eld.gov.sg/finalresults2025.html,https://www.eld.gov.sg/gazette_2025.html,Gan Siow Huang,Gan Siow Huang,PAP,1,23275,21141,251,21392,91.91,10571,1,final,,,Khoo Poh Tiong Jeffrey,Khoo Poh Tiong Jeffrey,PSP,6187,SMC,official
Marsiling-Yew Tee,https://www.eld.gov.sg/finalresults2025.html,https://www.eld.gov.sg/gazette_2025.html,PAP team,Hany Soh Hui Bin;Lawrence Wong;Alex Yam Ziming;Zaqy Mohamad,PAP,4,119559,110424,1668,112092,93.75,55213,0,first,,,PAP team,Hany Soh Hui Bin;Lawrence Wong;Alex Yam Ziming;Zaqy Mohamad,PAP,81143,GRC,official
Marsiling-Yew Tee,https://www.eld.gov.sg/finalresults2025.html,https://www.eld.gov.sg/gazette_2025.html,PAP team,Hany Soh Hui Bin;Lawrence Wong;Alex Yam Ziming;Zaqy Mohamad,PAP,4,119559,110424,1668,112092,93.75,55213,0,first,,,SDP team,Ariffin Sha;Jufri Salim;Alec Tok;Gigene Wong,SDP,29281,GRC,official
Marsiling-Yew Tee,https://www.eld.gov.sg/finalresults2025.html,https://www.eld.gov.sg/gazette_2025.html,PAP team,Hany Soh Hui Bin;Lawrence Wong;Alex Yam Ziming;Zaqy Mohamad,PAP,4,119559,110424,1668,112092,93.75,55213,1,final,,,PAP team,Hany Soh Hui Bin;Lawrence Wong;Alex Yam Ziming;Zaqy Mohamad,PAP,81143,GRC,official
Marsiling-Yew Tee,https://www.eld.gov.sg/finalresults2025.html,https://www.eld.gov.sg/gazette_2025.html,PAP team,Hany Soh Hui Bin;Lawrence Wong;Alex Yam Ziming;Zaqy Mohamad,PAP,4,119559,110424,1668,112092,93.75,55213,1,final,,,SDP team,Ariffin Sha;Jufri Salim;Alec Tok;Gigene Wong,SDP,29281,GRC,official
Nee Soon,https://www.eld.gov.sg/finalresults2025.html,https://www.eld.gov.sg/gazette_2025.html,PAP team,Goh Hanyan;K. Shanmugam;Jackson Lam Weiliang;Lee Hui Ying;Syed Harun Alhabsyi,PAP,5,151874,139512,3090,142602,93.89,69757,0,first,,,PAP team,Goh Hanyan;K. Shanmugam;Jackson Lam Weiliang;Lee Hui Ying;Syed Harun Alhabsyi,PAP,102974,GRC,official
Nee Soon,https://www.eld.gov.sg/finalresults2025.html,https://www.eld.gov.sg/gazette_2025.html,PAP team,Goh Hanyan;K. Shanmugam;Jackson Lam Weiliang;Lee Hui Ying;Syed Harun Alhabsyi,PAP,5,151874,139512,3090,142602,93.89,69757,0,first,,,RDU team,David Foo;Sharon Lin;Pang Heng Chuan;Ravi Philemon;Syed Alwi Ahmad,RDU,36538,GRC,official
Nee Soon,https://www.eld.gov.sg/finalresults2025.html,https://www.eld.gov.sg/gazette_2025.html,PAP team,Goh Hanyan;K. Shanmugam;Jackson Lam Weiliang;Lee Hui Ying;Syed Harun Alhabsyi,PAP,5,151874,139512,3090,142602,93.89,69757,1,final,,,PAP team,Goh Hanyan;K. Shanmugam;Jackson Lam Weiliang;Lee Hui Ying;Syed Harun Alhabsyi,PAP,102974,GRC,official
Nee Soon,https://www.eld.gov.sg/finalresults2025.html,https://www.eld.gov.sg/gazette_2025.html,PAP team,Goh Hanyan;K. Shanmugam;Jackson Lam Weiliang;Lee Hui Ying;Syed Harun Alhabsyi,PAP,5,151874,139512,3090,142602,93.89,69757,1,final,,,RDU team,David Foo;Sharon Lin;Pang Heng Chuan;Ravi Philemon;Syed Alwi Ahmad,RDU,36538,GRC,official
Pasir Ris-Changi,https://www.eld.gov.sg/finalresults2025.html,https://www.eld.gov.sg/gazette_2025.html,PAP team,Indranee Rajah;Valerie Lee;Sharael Taha;Desmond Tan,PAP,4,100957,90381,2491,92872,91.99,45191,0,first,,,PAP team,Indranee Rajah;Valerie Lee;Sharael Taha;Desmond Tan,PAP,61168,GRC,official
Pasir Ris-Changi,https://www.eld.gov.sg/finalresults2025.html,https://www.eld.gov.sg/gazette_2025.html,PAP team,Indranee Rajah;Valerie Lee;Sharael Taha;Desmond Tan,PAP,4,100957,90381,2491,92872,91.99,45191,0,first,,,SDA team,Abu Bin Mohamed;Chia Yun Kai;Harminder Pal Singh S/O Gurcharan Singh;Lim Bak Chuan Desmond,SDA,29213,GRC,official
Pasir Ris-Changi,https://www.eld.gov.sg/finalresults2025.html,https://www.eld.gov.sg/gazette_2025.html,PAP team,Indranee Rajah;Valerie Lee;Sharael Taha;Desmond Tan,PAP,4,100957,90381,2491,92872,91.99,45191,1,final,,,PAP team,Indranee Rajah;Valerie Lee;Sharael Taha;Desmond Tan,PAP,61168,GRC,official
Pasir Ris-Changi,https://www.eld.gov.sg/finalresults2025.html,https://www.eld.gov.sg/gazette_2025.html,PAP team,Indranee Rajah;Valerie Lee;Sharael Taha;Desmond Tan,PAP,4,100957,90381,2491,92872,91.99,45191,1,final,,,SDA team,Abu Bin Mohamed;Chia Yun Kai;Harminder Pal Singh S/O Gurcharan Singh;Lim Bak Chuan Desmond,SDA,29213,GRC,official
Punggol,https://www.eld.gov.sg/finalresults2025.html,https://www.eld.gov.sg/gazette_2025.html,PAP team,Gan Kim Yong;Janil Puthucheary;Sun Xueling;Yeo Wan Ling,PAP,4,123820,115534,823,116357,93.97,57768,0,first,,,PAP team,Gan Kim Yong;Janil Puthucheary;Sun Xueling;Yeo Wan Ling,PAP,63745,GRC,official
Punggol,https://www.eld.gov.sg/finalresults2025.html,https://www.eld.gov.sg/gazette_2025.html,PAP team,Gan Kim Yong;Janil Puthucheary;Sun Xueling;Yeo Wan Ling,PAP,4,123820,115534,823,116357,93.97,57768,0,first,,,WP team,"Au Chee Meng, Jackson;Dang Pei Yuan;Harpreet Singh Nehal;Siti Alia Binte Abdul Rahim Mattar",WP,51789,GRC,official
Punggol,https://www.eld.gov.sg/finalresults2025.html,https://www.eld.gov.sg/gazette_2025.html,PAP team,Gan Kim Yong;Janil Puthucheary;Sun Xueling;Yeo Wan Ling,PAP,4,123820,115534,823,116357,93.97,57768,1,final,,,PAP team,Gan Kim Yong;Janil Puthucheary;Sun Xueling;Yeo Wan Ling,PAP,63745,GRC,official
Punggol,https://www.eld.gov.sg/finalresults2025.html,https://www.eld.gov.sg/gazette_2025.html,PAP team,Gan Kim Yong;Janil Puthucheary;Sun Xueling;Yeo Wan Ling,PAP,4,123820,115534,823,116357,93.97,57768,1,final,,,WP team,"Au Chee Meng, Jackson;Dang Pei Yuan;Harpreet Singh Nehal;Siti Alia Binte Abdul Rahim Mattar",WP,51789,GRC,official
Pioneer,https://www.eld.gov.sg/finalresults2025.html,https://www.eld.gov.sg/gazette_2025.html,Patrick Tay Teck Guan,Patrick Tay Teck Guan,PAP,1,25207,23470,233,23703,94.03,11736,0,first,,,Patrick Tay Teck Guan,Patrick Tay Teck Guan,PAP,15360,SMC,official
Pioneer,https://www.eld.gov.sg/finalresults2025.html,https://www.eld.gov.sg/gazette_2025.html,Patrick Tay Teck Guan,Patrick Tay Teck Guan,PAP,1,25207,23470,233,23703,94.03,11736,0,first,,,Stephanie Tan,Stephanie Tan,PSP,8110,SMC,official
Pioneer,https://www.eld.gov.sg/finalresults2025.html,https://www.eld.gov.sg/gazette_2025.html,Patrick Tay Teck Guan,Patrick Tay Teck Guan,PAP,1,25207,23470,233,23703,94.03,11736,1,final,,,Patrick Tay Teck Guan,Patrick Tay Teck Guan,PAP,15360,SMC,official
Pioneer,https://www.eld.gov.sg/finalresults2025.html,https://www.eld.gov.sg/gazette_2025.html,Patrick Tay Teck Guan,Patrick Tay Teck Guan,PAP,1,25207,23470,233,23703,94.03,11736,1,final,,,Stephanie Tan,Stephanie Tan,PSP,8110,SMC,official
Potong Pasir,https://www.eld.gov.sg/finalresults2025.html,https://www.eld.gov.sg/gazette_2025.html,Alex Yeo Sheng Chye,Alex Yeo Sheng Chye,PAP,1,30971,27872,544,28416,91.75,13937,0,first,,,Alex Yeo Sheng Chye,Alex Yeo Sheng Chye,PAP,19288,SMC,official
Potong Pasir,https://www.eld.gov.sg/finalresults2025.html,https://www.eld.gov.sg/gazette_2025.html,Alex Yeo Sheng Chye,Alex Yeo Sheng Chye,PAP,1,30971,27872,544,28416,91.75,13937,0,first,,,Lee Jian Chuan Williiamson,Lee Jian Chuan Williiamson,SPP,6261,SMC,official
Potong Pasir,https://www.eld.gov.sg/finalresults2025.html,https://www.eld.gov.sg/gazette_2025.html,Alex Yeo Sheng Chye,Alex Yeo Sheng Chye,PAP,1,30971,27872,544,28416,91.75,13937,0,first,,,Lim Tean,Lim Tean,PAR,2323,SMC,official
Potong Pasir,https://www.eld.gov.sg/finalresults2025.html,https://www.eld.gov.sg/gazette_2025.html,Alex Yeo Sheng Chye,Alex Yeo Sheng Chye,PAP,1,30971,27872,544,28416,91.75,13937,1,final,,,Alex Yeo Sheng Chye,Alex Yeo Sheng Chye,PAP,19288,SMC,official
Potong Pasir,https://www.eld.gov.sg/finalresults2025.html,https://www.eld.gov.sg/gazette_2025.html,Alex Yeo Sheng Chye,Alex Yeo Sheng Chye,PAP,1,30971,27872,544,28416,91.75,13937,1,final,,,Lee Jian Chuan Williiamson,Lee Jian Chuan Williiamson,SPP,6261,SMC,official
Potong Pasir,https://www.eld.gov.sg/finalresults2025.html,https://www.eld.gov.sg/gazette_2025.html,Alex Yeo Sheng Chye,Alex Yeo Sheng Chye,PAP,1,30971,27872,544,28416,91.75,13937,1,final,,,Lim Tean,Lim Tean,PAR,2323,SMC,official
Queenstown,https://www.eld.gov.sg/finalresults2025.html,https://www.eld.gov.sg/gazette_2025.html,Eric Chua Swee Leong,Eric Chua Swee Leong,PAP,1,28911,25873,705,26578,91.93,12937,0,first,,,Eric Chua Swee Leong,Eric Chua Swee Leong,PAP,20990,SMC,official
Queenstown,https://www.eld.gov.sg/finalresults2025.html,https://www.eld.gov.sg/gazette_2025.html,Eric Chua Swee Leong,Eric Chua Swee Leong,PAP,1,28911,25873,705,26578,91.93,12937,0,first,,,Mahaboob Batcha S/O Abdul Rasheed,Mahaboob Batcha S/O Abdul Rasheed,PAR,4883,SMC,official
Queenstown,https://www.eld.gov.sg/finalresults2025.html,https://www.eld.gov.sg/gazette_2025.html,Eric Chua Swee Leong,Eric Chua Swee Leong,PAP,1,28911,25873,705,26578,91.93,12937,1,final,,,Eric Chua Swee Leong,Eric Chua Swee Leong,PAP,20990,SMC,official
Queenstown,https://www.eld.gov.sg/finalresults2025.html,https://www.eld.gov.sg/gazette_2025.html,Eric Chua Swee Leong,Eric Chua Swee Leong,PAP,1,28911,25873,705,26578,91.93,12937,1,final,,,Mahaboob Batcha S/O Abdul Rasheed,Mahaboob Batcha S/O Abdul Rasheed,PAR,4883,SMC,official
Radin Mas,https://www.eld.gov.sg/finalresults2025.html,https://www.eld.gov.sg/gazette_2025.html,Melvin Yong Yik Chye,Melvin Yong Yik Chye,PAP,1,25567,22937,446,23383,91.46,11469,0,first,,,Melvin Yong Yik Chye,Melvin Yong Yik Chye,PAP,15854,SMC,official
Radin Mas,https://www.eld.gov.sg/finalresults2025.html,https://www.eld.gov.sg/gazette_2025.html,Melvin Yong Yik Chye,Melvin Yong Yik Chye,PAP,1,25567,22937,446,23383,91.46,11469,0,first,,,Darryl Lo Kar Keong,Darryl Lo Kar Keong,Independent,5394,SMC,official
Radin Mas,https://www.eld.gov.sg/finalresults2025.html,https://www.eld.gov.sg/gazette_2025.html,Melvin Yong Yik Chye,Melvin Yong Yik Chye,PAP,1,25567,22937,446,23383,91.46,11469,0,first,,,Kumar S/O Appavoo,Kumar S/O Appavoo,PAR,1689,SMC,official
Radin Mas,https://www.eld.gov.sg/finalresults2025.html,https://www.eld.gov.sg/gazette_2025.html,Melvin Yong Yik Chye,Melvin Yong Yik Chye,PAP,1,25567,22937,446,23383,91.46,11469,1,final,,,Melvin Yong Yik Chye,Melvin Yong Yik Chye,PAP,15854,SMC,official
Radin Mas,https://www.eld.gov.sg/finalresults2025.html,https://www.eld.gov.sg/gazette_2025.html,Melvin Yong Yik Chye,Melvin Yong Yik Chye,PAP,1,25567,22937,446,23383,91.46,11469,1,final,,,Darryl Lo Kar Keong,Darryl Lo Kar Keong,Independent,5394,SMC,official
Radin Mas,https://www.eld.gov.sg/finalresults2025.html,https://www.eld.gov.sg/gazette_2025.html,Melvin Yong Yik Chye,Melvin Yong Yik Chye,PAP,1,25567,22937,446,23383,91.46,11469,1,final,,,Kumar S/O Appavoo,Kumar S/O Appavoo,PAR,1689,SMC,official
Sembawang,https://www.eld.gov.sg/finalresults2025.html,https://www.eld.gov.sg/gazette_2025.html,PAP team,"Lam Yen Li, Gabriel;Mariam Jaafar;Ng Shi Xuan;Ong Ye Kung;Vikram Nair",PAP,5,134157,124194,1848,126042,93.95,62098,0,first,,,PAP team,"Lam Yen Li, Gabriel;Mariam Jaafar;Ng Shi Xuan;Ong Ye Kung;Vikram Nair",PAP,84159,GRC,official
Sembawang,https://www.eld.gov.sg/finalresults2025.html,https://www.eld.gov.sg/gazette_2025.html,PAP team,"Lam Yen Li, Gabriel;Mariam Jaafar;Ng Shi Xuan;Ong Ye Kung;Vikram Nair",PAP,5,134157,124194,1848,126042,93.95,62098,0,first,,,SDP team,Damanhuri Bin Abas;James Gomez;Lim Boon Heng;Surayah Binte Akbar;Tan Wei Ru Alfred,SDP,37157,GRC,official
Sembawang,https://www.eld.gov.sg/finalresults2025.html,https://www.eld.gov.sg/gazette_2025.html,PAP team,"Lam Yen Li, Gabriel;Mariam Jaafar;Ng Shi Xuan;Ong Ye Kung;Vikram Nair",PAP,5,134157,124194,1848,126042,93.95,62098,0,first,,,NSP team,Raiyian Chia Boon Siang;Lee Wei;Ng Chung Hon;Verina Ong Weijing;Yadzeth Bin Hairis,NSP,2878,GRC,official
Sembawang,https://www.eld.gov.sg/finalresults2025.html,https://www.eld.gov.sg/gazette_2025.html,PAP team,"Lam Yen Li, Gabriel;Mariam Jaafar;Ng Shi Xuan;Ong Ye Kung;Vikram Nair",PAP,5,134157,124194,1848,126042,93.95,62098,1,final,,,PAP team,"Lam Yen Li, Gabriel;Mariam Jaafar;Ng Shi Xuan;Ong Ye Kung;Vikram Nair",PAP,84159,GRC,official
Sembawang,https://www.eld.gov.sg/finalresults2025.html,https://www.eld.gov.sg/gazette_2025.html,PAP team,"Lam Yen Li, Gabriel;Mariam Jaafar;Ng Shi Xuan;Ong Ye Kung;Vikram Nair",PAP,5,134157,124194,1848,126042,93.95,62098,1,final,,,SDP team,Damanhuri Bin Abas;James Gomez;Lim Boon Heng;Surayah Binte Akbar;Tan Wei Ru Alfred,SDP,37157,GRC,official
Sembawang,https://www.eld.gov.sg/finalresults2025.html,https://www.eld.gov.sg/gazette_2025.html,PAP team,"Lam Yen Li, Gabriel;Mariam Jaafar;Ng Shi Xuan;Ong Ye Kung;Vikram Nair",PAP,5,134157,124194,1848,126042,93.95,62098,1,final,,,NSP team,Raiyian Chia Boon Siang;Lee Wei;Ng Chung Hon;Verina Ong Weijing;Yadzeth Bin Hairis,NSP,2878,GRC,official
Sembawang West,https://www.eld.gov.sg/finalresults2025.html,https://www.eld.gov.sg/gazette_2025.html,Poh Li San,Poh Li San,PAP,1,24206,22563,269,22832,94.32,11282,0,first,,,Poh Li San,Poh Li San,PAP,11999,SMC,official
Sembawang West,https://www.eld.gov.sg/finalresults2025.html,https://www.eld.gov.sg/gazette_2025.html,Poh Li San,Poh Li San,PAP,1,24206,22563,269,22832,94.32,11282,0,first,,,Chee Soon Juan,Chee Soon Juan,SDP,10564,SMC,official
Sembawang West,https://www.eld.gov.sg/finalresults2025.html,https://www.eld.gov.sg/gazette_2025.html,Poh Li San,Poh Li San,PAP,1,24206,22563,269,22832,94.32,11282,1,final,,,Poh Li San,Poh Li San,PAP,11999,SMC,official
Sembawang West,https://www.eld.gov.sg/finalresults2025.html,https://www.eld.gov.sg/gazette_2025.html,Poh Li San,Poh Li San,PAP,1,24206,22563,269,22832,94.32,11282,1,final,,,Chee Soon Juan,Chee Soon Juan,SDP,10564,SMC,official
Sengkang,https://www.eld.gov.sg/finalresults2025.html,https://www.eld.gov.sg/gazette_2025.html,WP team,Abdul Muhaimin Bin Abdul Malik;Chua Kheng Wee Louis;He Ting Ru;Jamus Jerome Lim Chee Wui,WP,4,126808,118256,927,119183,93.99,59129,0,first,,,WP team,Abdul Muhaimin Bin Abdul Malik;Chua Kheng Wee Louis;He Ting Ru;Jamus Jerome Lim Chee Wui,WP,66599,GRC,official
Sengkang,https://www.eld.gov.sg/finalresults2025.html,https://www.eld.gov.sg/gazette_2025.html,WP team,Abdul Muhaimin Bin Abdul Malik;Chua Kheng Wee Louis;He Ting Ru;Jamus Jerome Lim Chee Wui,WP,4,126808,118256,927,119183,93.99,59129,0,first,,,PAP team,Elmie Nekmat;Bernadette Giam;Theodora Lai;Lam Pin Min,PAP,51657,GRC,official
Sengkang,https://www.eld.gov.sg/finalresults2025.html,https://www.eld.gov.sg/gazette_2025.html,WP team,Abdul Muhaimin Bin Abdul Malik;Chua Kheng Wee Louis;He Ting Ru;Jamus Jerome Lim Chee Wui,WP,4,126808,118256,927,119183,93.99,59129,1,final,,,WP team,Abdul Muhaimin Bin Abdul Malik;Chua Kheng Wee Louis;He Ting Ru;Jamus Jerome Lim Chee Wui,WP,66599,GRC,official
Sengkang,https://www.eld.gov.sg/finalresults2025.html,https://www.eld.gov.sg/gazette_2025.html,WP team,Abdul Muhaimin Bin Abdul Malik;Chua Kheng Wee Louis;He Ting Ru;Jamus Jerome Lim Chee Wui,WP,4,126808,118256,927,119183,93.99,59129,1,final,,,PAP team,Elmie Nekmat;Bernadette Giam;Theodora Lai;Lam Pin Min,PAP,51657,GRC,official
Tampines Changkat,https://www.eld.gov.sg/finalresults2025.html,https://www.eld.gov.sg/gazette_2025.html,Desmond Choo Pey Ching,Desmond Choo Pey Ching,PAP,1,23847,22217,224,22441,94.1,11109,0,first,,,Desmond Choo Pey Ching,Desmond Choo Pey Ching,PAP,12476,SMC,official
Tampines Changkat,https://www.eld.gov.sg/finalresults2025.html,https://www.eld.gov.sg/gazette_2025.html,Desmond Choo Pey Ching,Desmond Choo Pey Ching,PAP,1,23847,22217,224,22441,94.1,11109,0,first,,,Foo Seck Guan,Foo Seck Guan,WP,9741,SMC,official
Tampines Changkat,https://www.eld.gov.sg/finalresults2025.html,https://www.eld.gov.sg/gazette_2025.html,Desmond Choo Pey Ching,Desmond Choo Pey Ching,PAP,1,23847,22217,224,22441,94.1,11109,1,final,,,Desmond Choo Pey Ching,Desmond Choo Pey Ching,PAP,12476,SMC,official
Tampines Changkat,https://www.eld.gov.sg/finalresults2025.html,https://www.eld.gov.sg/gazette_2025.html,Desmond Choo Pey Ching,Desmond Choo Pey Ching,PAP,1,23847,22217,224,22441,94.1,11109,1,final,,,Foo Seck Guan,Foo Seck Guan,WP,9741,SMC,official
Tampines,https://www.eld.gov.sg/finalresults2025.html,https://www.eld.gov.sg/gazette_2025.html,PAP team,Baey Yam Keng;Charlene Chen Yijun;Koh Poh Koon;Masagos Zulkifli;David Neo Chin Wee,PAP,5,148119,137631,1262,138893,93.77,68816,0,first,,,PAP team,Baey Yam Keng;Charlene Chen Yijun;Koh Poh Koon;Masagos Zulkifli;David Neo Chin Wee,PAP,71589,GRC,official
Tampines,https://www.eld.gov.sg/finalresults2025.html,https://www.eld.gov.sg/gazette_2025.html,PAP team,Baey Yam Keng;Charlene Chen Yijun;Koh Poh Koon;Masagos Zulkifli;David Neo Chin Wee,PAP,5,148119,137631,1262,138893,93.77,68816,0,first,,,WP team,Eileen Chong Pei Shan;Muhamad Faisal Bin Abdul Manap;Ong Lue Ping;Tan Khim Teck;Michael Thng Quan Wei,WP,65197,GRC,official
Tampines,https://www.eld.gov.sg/finalresults2025.html,https://www.eld.gov.sg/gazette_2025.html,PAP team,Baey Yam Keng;Charlene Chen Yijun;Koh Poh Koon;Masagos Zulkifli;David Neo Chin Wee,PAP,5,148119,137631,1262,138893,93.77,68816,0,first,,,PPP team,"Arbaah Binte Haroun;Goh Meng Seng;Sim Jun Chin, Derrick;Peter Soh Beng Kiat;Vere Nathan Shen Li",PPP,596,GRC,official
Tampines,https://www.eld.gov.sg/finalresults2025.html,https://www.eld.gov.sg/gazette_2025.html,PAP team,Baey Yam Keng;Charlene Chen Yijun;Koh Poh Koon;Masagos Zulkifli;David Neo Chin Wee,PAP,5,148119,137631,1262,138893,93.77,68816,0,first,,,NSP team,Fong Chin Leong;Mohd Ridzwan Bin Mohammad;Phay Wei Jie;Thamilselvan S/O Karuppaya;Yeo Ren-Yuan,NSP,249,GRC,official
Tampines,https://www.eld.gov.sg/finalresults2025.html,https://www.eld.gov.sg/gazette_2025.html,PAP team,Baey Yam Keng;Charlene Chen Yijun;Koh Poh Koon;Masagos Zulkifli;David Neo Chin Wee,PAP,5,148119,137631,1262,138893,93.77,68816,1,final,,,PAP team,Baey Yam Keng;Charlene Chen Yijun;Koh Poh Koon;Masagos Zulkifli;David Neo Chin Wee,PAP,71589,GRC,official
Tampines,https://www.eld.gov.sg/finalresults2025.html,https://www.eld.gov.sg/gazette_2025.html,PAP team,Baey Yam Keng;Charlene Chen Yijun;Koh Poh Koon;Masagos Zulkifli;David Neo Chin Wee,PAP,5,148119,137631,1262,138893,93.77,68816,1,final,,,WP team,Eileen Chong Pei Shan;Muhamad Faisal Bin Abdul Manap;Ong Lue Ping;Tan Khim Teck;Michael Thng Quan Wei,WP,65197,GRC,official
Tampines,https://www.eld.gov.sg/finalresults2025.html,https://www.eld.gov.sg/gazette_2025.html,PAP team,Baey Yam Keng;Charlene Chen Yijun;Koh Poh Koon;Masagos Zulkifli;David Neo Chin Wee,PAP,5,148119,137631,1262,138893,93.77,68816,1,final,,,PPP team,"Arbaah Binte Haroun;Goh Meng Seng;Sim Jun Chin, Derrick;Peter Soh Beng Kiat;Vere Nathan Shen Li",PPP,596,GRC,official
Tampines,https://www.eld.gov.sg/finalresults2025.html,https://www.eld.gov.sg/gazette_2025.html,PAP team,Baey Yam Keng;Charlene Chen Yijun;Koh Poh Koon;Masagos Zulkifli;David Neo Chin Wee,PAP,5,148119,137631,1262,138893,93.77,68816,1,final,,,NSP team,Fong Chin Leong;Mohd Ridzwan Bin Mohammad;Phay Wei Jie;Thamilselvan S/O Karuppaya;Yeo Ren-Yuan,NSP,249,GRC,official
Tanjong Pagar,https://www.eld.gov.sg/finalresults2025.html,https://www.eld.gov.sg/gazette_2025.html,PAP team,Chan Chun Sing;Foo Cexiang;Joan Pereira;Rachel Ong;Alvin Tan,PAP,5,140194,122093,3681,125774,89.71,61047,0,first,,,PAP team,Chan Chun Sing;Foo Cexiang;Joan Pereira;Rachel Ong;Alvin Tan,PAP,98924,GRC,official
Tanjong Pagar,https://www.eld.gov.sg/finalresults2025.html,https://www.eld.gov.sg/gazette_2025.html,PAP team,Chan Chun Sing;Foo Cexiang;Joan Pereira;Rachel Ong;Alvin Tan,PAP,5,140194,122093,3681,125774,89.71,61047,0,first,,,PAR team,Rickson Giauw;Han Hui Hui;Nadarajan Selvamani;Prabu Ramachandran;Soh Lian Chye,PAR,23169,GRC,official
Tanjong Pagar,https://www.eld.gov.sg/finalresults2025.html,https://www.eld.gov.sg/gazette_2025.html,PAP team,Chan Chun Sing;Foo Cexiang;Joan Pereira;Rachel Ong;Alvin Tan,PAP,5,140194,122093,3681,125774,89.71,61047,1,final,,,PAP team,Chan Chun Sing;Foo Cexiang;Joan Pereira;Rachel Ong;Alvin Tan,PAP,98924,GRC,official
Tanjong Pagar,https://www.eld.gov.sg/finalresults2025.html,https://www.eld.gov.sg/gazette_2025.html,PAP team,Chan Chun Sing;Foo Cexiang;Joan Pereira;Rachel Ong;Alvin Tan,PAP,5,140194,122093,3681,125774,89.71,61047,1,final,,,PAR team,Rickson Giauw;Han Hui Hui;Nadarajan Selvamani;Prabu Ramachandran;Soh Lian Chye,PAR,23169,GRC,official
West Coast-Jurong West,https://www.eld.gov.sg/finalresults2025.html,https://www.eld.gov.sg/gazette_2025.html,PAP team,Ang Wei Neng;Hamid Razak;Shawn Huang Wei Zhong;Cassandra Lee Shi Wee;Desmond Lee Ti-Seng,PAP,5,158836,147665,1438,149103,93.87,73833,0,first,,,PAP team,Ang Wei Neng;Hamid Razak;Shawn Huang Wei Zhong;Cassandra Lee Shi Wee;Desmond Lee Ti-Seng,PAP,88587,GRC,official
West Coast-Jurong West,https://www.eld.gov.sg/finalresults2025.html,https://www.eld.gov.sg/gazette_2025.html,PAP team,Ang Wei Neng;Hamid Razak;Shawn Huang Wei Zhong;Cassandra Lee Shi Wee;Desmond Lee Ti-Seng,PAP,5,158836,147665,1438,149103,93.87,73833,0,first,,,PSP team,Leong Mun Wai;Hazel Poa;Sani Ismail;Sumarleki Amjah;Tan Cheng Bock,PSP,59078,GRC,official
West Coast-Jurong West,https://www.eld.gov.sg/finalresults2025.html,https://www.eld.gov.sg/gazette_2025.html,PAP team,Ang Wei Neng;Hamid Razak;Shawn Huang Wei Zhong;Cassandra Lee Shi Wee;Desmond Lee Ti-Seng,PAP,5,158836,147665,1438,149103,93.87,73833,1,final,,,PAP team,Ang Wei Neng;Hamid Razak;Shawn Huang Wei Zhong;Cassandra Lee Shi Wee;Desmond Lee Ti-Seng,PAP,88587,GRC,official
West Coast-Jurong West,https://www.eld.gov.sg/finalresults2025.html,https://www.eld.gov.sg/gazette_2025.html,PAP team,Ang Wei Neng;Hamid Razak;Shawn Huang Wei Zhong;Cassandra Lee Shi Wee;Desmond Lee Ti-Seng,PAP,5,158836,147665,1438,149103,93.87,73833,1,final,,,PSP team,Leong Mun Wai;Hazel Poa;Sani Ismail;Sumarleki Amjah;Tan Cheng Bock,PSP,59078,GRC,official
Yio Chu Kang,https://www.eld.gov.sg/finalresults2025.html,https://www.eld.gov.sg/gazette_2025.html,Yip Hon Weng,Yip Hon Weng,PAP,1,25410,22942,559,23501,92.49,11472,0,first,,,Yip Hon Weng,Yip Hon Weng,PAP,18066,SMC,official
Yio Chu Kang,https://www.eld.gov.sg/finalresults2025.html,https://www.eld.gov.sg/gazette_2025.html,Yip Hon Weng,Yip Hon Weng,PAP,1,25410,22942,559,23501,92.49,11472,0,first,,,Michael Fang Amin,Michael Fang Amin,PAR,4876,SMC,official
Yio Chu Kang,https://www.eld.gov.sg/finalresults2025.html,https://www.eld.gov.sg/gazette_2025.html,Yip Hon Weng,Yip Hon Weng,PAP,1,25410,22942,559,23501,92.49,11472,1,final,,,Yip Hon Weng,Yip Hon Weng,PAP,18066,SMC,official
Yio Chu Kang,https://www.eld.gov.sg/finalresults2025.html,https://www.eld.gov.sg/gazette_2025.html,Yip Hon Weng,Yip Hon Weng,PAP,1,25410,22942,559,23501,92.49,11472,1,final,,,Michael Fang Amin,Michael Fang Amin,PAR,4876,SMC,official
