district,district_url,distribution_url,elected_member,elected_party,enrolment,formal_votes,informal_votes,total_votes,turnout_pct,majority,round_number,row_type,excluded_candidate,excluded_party,candidate,candidate_party,votes,electorate_type,constituency_code,contest_status,result_note,district_seats
Eastern Cape,https://results.elections.org.za/home/NPEPublicReports/291/National/Results,,ANC,ANC,3240059,2243497,35058,2278555,70.32,1121749,0,first,,,ANC,ANC,1587338,province,ZA-EC,official,Province National Assembly ballot totals; National Assembly seats are allocated nationally.,0
Eastern Cape,https://results.elections.org.za/home/NPEPublicReports/291/National/Results,,ANC,ANC,3240059,2243497,35058,2278555,70.32,1121749,0,first,,,DA,DA,356050,province,ZA-EC,official,Province National Assembly ballot totals; National Assembly seats are allocated nationally.,0
Eastern Cape,https://results.elections.org.za/home/NPEPublicReports/291/National/Results,,ANC,ANC,3240059,2243497,35058,2278555,70.32,1121749,0,first,,,UDM,UDM,118645,province,ZA-EC,official,Province National Assembly ballot totals; National Assembly seats are allocated nationally.,0
Eastern Cape,https://results.elections.org.za/home/NPEPublicReports/291/National/Results,,ANC,ANC,3240059,2243497,35058,2278555,70.32,1121749,0,first,,,EFF,EFF,84783,province,ZA-EC,official,Province National Assembly ballot totals; National Assembly seats are allocated nationally.,0
Eastern Cape,https://results.elections.org.za/home/NPEPublicReports/291/National/Results,,ANC,ANC,3240059,2243497,35058,2278555,70.32,1121749,0,first,,,COPE,COPE,26580,province,ZA-EC,official,Province National Assembly ballot totals; National Assembly seats are allocated nationally.,0
Eastern Cape,https://results.elections.org.za/home/NPEPublicReports/291/National/Results,,ANC,ANC,3240059,2243497,35058,2278555,70.32,1121749,0,first,,,AIC,AIC,17514,province,ZA-EC,official,Province National Assembly ballot totals; National Assembly seats are allocated nationally.,0
Eastern Cape,https://results.elections.org.za/home/NPEPublicReports/291/National/Results,,ANC,ANC,3240059,2243497,35058,2278555,70.32,1121749,0,first,,,PAC,PAC,9649,province,ZA-EC,official,Province National Assembly ballot totals; National Assembly seats are allocated nationally.,0
Eastern Cape,https://results.elections.org.za/home/NPEPublicReports/291/National/Results,,ANC,ANC,3240059,2243497,35058,2278555,70.32,1121749,0,first,,,FF+,FF+,8771,province,ZA-EC,official,Province National Assembly ballot totals; National Assembly seats are allocated nationally.,0
Eastern Cape,https://results.elections.org.za/home/NPEPublicReports/291/National/Results,,ANC,ANC,3240059,2243497,35058,2278555,70.32,1121749,0,first,,,ACDP,ACDP,8016,province,ZA-EC,official,Province National Assembly ballot totals; National Assembly seats are allocated nationally.,0
Eastern Cape,https://results.elections.org.za/home/NPEPublicReports/291/National/Results,,ANC,ANC,3240059,2243497,35058,2278555,70.32,1121749,0,first,,,APC,APC,4538,province,ZA-EC,official,Province National Assembly ballot totals; National Assembly seats are allocated nationally.,0
Eastern Cape,https://results.elections.org.za/home/NPEPublicReports/291/National/Results,,ANC,ANC,3240059,2243497,35058,2278555,70.32,1121749,0,first,,,Kingdom Governance Movement,Kingdom Governance Movement,3576,province,ZA-EC,official,Province National Assembly ballot totals; National Assembly seats are allocated nationally.,0
Eastern Cape,https://results.elections.org.za/home/NPEPublicReports/291/National/Results,,ANC,ANC,3240059,2243497,35058,2278555,70.32,1121749,0,first,,,NFP,NFP,3559,province,ZA-EC,official,Province National Assembly ballot totals; National Assembly seats are allocated nationally.,0
Eastern Cape,https://results.elections.org.za/home/NPEPublicReports/291/National/Results,,ANC,ANC,3240059,2243497,35058,2278555,70.32,1121749,0,first,,,Agang SA,Agang SA,2501,province,ZA-EC,official,Province National Assembly ballot totals; National Assembly seats are allocated nationally.,0
Eastern Cape,https://results.elections.org.za/home/NPEPublicReports/291/National/Results,,ANC,ANC,3240059,2243497,35058,2278555,70.32,1121749,0,first,,,Azanian People'S Organisation,Azanian People'S Organisation,2323,province,ZA-EC,official,Province National Assembly ballot totals; National Assembly seats are allocated nationally.,0
Eastern Cape,https://results.elections.org.za/home/NPEPublicReports/291/National/Results,,ANC,ANC,3240059,2243497,35058,2278555,70.32,1121749,0,first,,,United Congress,United Congress,1367,province,ZA-EC,official,Province National Assembly ballot totals; National Assembly seats are allocated nationally.,0
Eastern Cape,https://results.elections.org.za/home/NPEPublicReports/291/National/Results,,ANC,ANC,3240059,2243497,35058,2278555,70.32,1121749,0,first,,,IFP,IFP,1291,province,ZA-EC,official,Province National Assembly ballot totals; National Assembly seats are allocated nationally.,0
Eastern Cape,https://results.elections.org.za/home/NPEPublicReports/291/National/Results,,ANC,ANC,3240059,2243497,35058,2278555,70.32,1121749,0,first,,,United Christian Democratic Party,United Christian Democratic Party,1099,province,ZA-EC,official,Province National Assembly ballot totals; National Assembly seats are allocated nationally.,0
Eastern Cape,https://results.elections.org.za/home/NPEPublicReports/291/National/Results,,ANC,ANC,3240059,2243497,35058,2278555,70.32,1121749,0,first,,,Pan Africanist Movement,Pan Africanist Movement,845,province,ZA-EC,official,Province National Assembly ballot totals; National Assembly seats are allocated nationally.,0
Eastern Cape,https://results.elections.org.za/home/NPEPublicReports/291/National/Results,,ANC,ANC,3240059,2243497,35058,2278555,70.32,1121749,0,first,,,Workers And Socialist Party,Workers And Socialist Party,833,province,ZA-EC,official,Province National Assembly ballot totals; National Assembly seats are allocated nationally.,0
Eastern Cape,https://results.elections.org.za/home/NPEPublicReports/291/National/Results,,ANC,ANC,3240059,2243497,35058,2278555,70.32,1121749,0,first,,,Al Jama-ah,Al Jama-ah,740,province,ZA-EC,official,Province National Assembly ballot totals; National Assembly seats are allocated nationally.,0
Eastern Cape,https://results.elections.org.za/home/NPEPublicReports/291/National/Results,,ANC,ANC,3240059,2243497,35058,2278555,70.32,1121749,0,first,,,Ubuntu Party,Ubuntu Party,585,province,ZA-EC,official,Province National Assembly ballot totals; National Assembly seats are allocated nationally.,0
Eastern Cape,https://results.elections.org.za/home/NPEPublicReports/291/National/Results,,ANC,ANC,3240059,2243497,35058,2278555,70.32,1121749,0,first,,,PA,PA,544,province,ZA-EC,official,Province National Assembly ballot totals; National Assembly seats are allocated nationally.,0
Eastern Cape,https://results.elections.org.za/home/NPEPublicReports/291/National/Results,,ANC,ANC,3240059,2243497,35058,2278555,70.32,1121749,0,first,,,Independent Civic Organisation Of South Africa,Independent Civic Organisation Of South Africa,395,province,ZA-EC,official,Province National Assembly ballot totals; National Assembly seats are allocated nationally.,0
Eastern Cape,https://results.elections.org.za/home/NPEPublicReports/291/National/Results,,ANC,ANC,3240059,2243497,35058,2278555,70.32,1121749,0,first,,,Keep It Straight And Simple,Keep It Straight And Simple,384,province,ZA-EC,official,Province National Assembly ballot totals; National Assembly seats are allocated nationally.,0
Eastern Cape,https://results.elections.org.za/home/NPEPublicReports/291/National/Results,,ANC,ANC,3240059,2243497,35058,2278555,70.32,1121749,0,first,,,Bushbuckridge Residents Association,Bushbuckridge Residents Association,382,province,ZA-EC,official,Province National Assembly ballot totals; National Assembly seats are allocated nationally.,0
Eastern Cape,https://results.elections.org.za/home/NPEPublicReports/291/National/Results,,ANC,ANC,3240059,2243497,35058,2278555,70.32,1121749,0,first,,,Front Nasionaal/Front National,Front Nasionaal/Front National,355,province,ZA-EC,official,Province National Assembly ballot totals; National Assembly seats are allocated nationally.,0
Eastern Cape,https://results.elections.org.za/home/NPEPublicReports/291/National/Results,,ANC,ANC,3240059,2243497,35058,2278555,70.32,1121749,0,first,,,First Nation Liberation Alliance,First Nation Liberation Alliance,344,province,ZA-EC,official,Province National Assembly ballot totals; National Assembly seats are allocated nationally.,0
Eastern Cape,https://results.elections.org.za/home/NPEPublicReports/291/National/Results,,ANC,ANC,3240059,2243497,35058,2278555,70.32,1121749,0,first,,,Minority Front,Minority Front,317,province,ZA-EC,official,Province National Assembly ballot totals; National Assembly seats are allocated nationally.,0
Eastern Cape,https://results.elections.org.za/home/NPEPublicReports/291/National/Results,,ANC,ANC,3240059,2243497,35058,2278555,70.32,1121749,0,first,,,Peoples Alliance,Peoples Alliance,173,province,ZA-EC,official,Province National Assembly ballot totals; National Assembly seats are allocated nationally.,0
Free State,https://results.elections.org.za/home/NPEPublicReports/291/National/Results,,ANC,ANC,1449488,1034337,16690,1051027,72.51,517169,0,first,,,ANC,ANC,721126,province,ZA-FS,official,Province National Assembly ballot totals; National Assembly seats are allocated nationally.,0
Free State,https://results.elections.org.za/home/NPEPublicReports/291/National/Results,,ANC,ANC,1449488,1034337,16690,1051027,72.51,517169,0,first,,,DA,DA,167972,province,ZA-FS,official,Province National Assembly ballot totals; National Assembly seats are allocated nationally.,0
Free State,https://results.elections.org.za/home/NPEPublicReports/291/National/Results,,ANC,ANC,1449488,1034337,16690,1051027,72.51,517169,0,first,,,EFF,EFF,81559,province,ZA-FS,official,Province National Assembly ballot totals; National Assembly seats are allocated nationally.,0
Free State,https://results.elections.org.za/home/NPEPublicReports/291/National/Results,,ANC,ANC,1449488,1034337,16690,1051027,72.51,517169,0,first,,,FF+,FF+,19837,province,ZA-FS,official,Province National Assembly ballot totals; National Assembly seats are allocated nationally.,0
Free State,https://results.elections.org.za/home/NPEPublicReports/291/National/Results,,ANC,ANC,1449488,1034337,16690,1051027,72.51,517169,0,first,,,COPE,COPE,14613,province,ZA-FS,official,Province National Assembly ballot totals; National Assembly seats are allocated nationally.,0
Free State,https://results.elections.org.za/home/NPEPublicReports/291/National/Results,,ANC,ANC,1449488,1034337,16690,1051027,72.51,517169,0,first,,,AIC,AIC,7972,province,ZA-FS,official,Province National Assembly ballot totals; National Assembly seats are allocated nationally.,0
Free State,https://results.elections.org.za/home/NPEPublicReports/291/National/Results,,ANC,ANC,1449488,1034337,16690,1051027,72.51,517169,0,first,,,ACDP,ACDP,5128,province,ZA-FS,official,Province National Assembly ballot totals; National Assembly seats are allocated nationally.,0
Free State,https://results.elections.org.za/home/NPEPublicReports/291/National/Results,,ANC,ANC,1449488,1034337,16690,1051027,72.51,517169,0,first,,,UDM,UDM,2380,province,ZA-FS,official,Province National Assembly ballot totals; National Assembly seats are allocated nationally.,0
Free State,https://results.elections.org.za/home/NPEPublicReports/291/National/Results,,ANC,ANC,1449488,1034337,16690,1051027,72.51,517169,0,first,,,APC,APC,2093,province,ZA-FS,official,Province National Assembly ballot totals; National Assembly seats are allocated nationally.,0
Free State,https://results.elections.org.za/home/NPEPublicReports/291/National/Results,,ANC,ANC,1449488,1034337,16690,1051027,72.51,517169,0,first,,,Agang SA,Agang SA,2058,province,ZA-FS,official,Province National Assembly ballot totals; National Assembly seats are allocated nationally.,0
Free State,https://results.elections.org.za/home/NPEPublicReports/291/National/Results,,ANC,ANC,1449488,1034337,16690,1051027,72.51,517169,0,first,,,PAC,PAC,1989,province,ZA-FS,official,Province National Assembly ballot totals; National Assembly seats are allocated nationally.,0
Free State,https://results.elections.org.za/home/NPEPublicReports/291/National/Results,,ANC,ANC,1449488,1034337,16690,1051027,72.51,517169,0,first,,,Azanian People'S Organisation,Azanian People'S Organisation,1405,province,ZA-FS,official,Province National Assembly ballot totals; National Assembly seats are allocated nationally.,0
Free State,https://results.elections.org.za/home/NPEPublicReports/291/National/Results,,ANC,ANC,1449488,1034337,16690,1051027,72.51,517169,0,first,,,IFP,IFP,1177,province,ZA-FS,official,Province National Assembly ballot totals; National Assembly seats are allocated nationally.,0
Free State,https://results.elections.org.za/home/NPEPublicReports/291/National/Results,,ANC,ANC,1449488,1034337,16690,1051027,72.51,517169,0,first,,,NFP,NFP,1039,province,ZA-FS,official,Province National Assembly ballot totals; National Assembly seats are allocated nationally.,0
Free State,https://results.elections.org.za/home/NPEPublicReports/291/National/Results,,ANC,ANC,1449488,1034337,16690,1051027,72.51,517169,0,first,,,United Christian Democratic Party,United Christian Democratic Party,943,province,ZA-FS,official,Province National Assembly ballot totals; National Assembly seats are allocated nationally.,0
Free State,https://results.elections.org.za/home/NPEPublicReports/291/National/Results,,ANC,ANC,1449488,1034337,16690,1051027,72.51,517169,0,first,,,PA,PA,543,province,ZA-FS,official,Province National Assembly ballot totals; National Assembly seats are allocated nationally.,0
Free State,https://results.elections.org.za/home/NPEPublicReports/291/National/Results,,ANC,ANC,1449488,1034337,16690,1051027,72.51,517169,0,first,,,Workers And Socialist Party,Workers And Socialist Party,393,province,ZA-FS,official,Province National Assembly ballot totals; National Assembly seats are allocated nationally.,0
Free State,https://results.elections.org.za/home/NPEPublicReports/291/National/Results,,ANC,ANC,1449488,1034337,16690,1051027,72.51,517169,0,first,,,Front Nasionaal/Front National,Front Nasionaal/Front National,353,province,ZA-FS,official,Province National Assembly ballot totals; National Assembly seats are allocated nationally.,0
Free State,https://results.elections.org.za/home/NPEPublicReports/291/National/Results,,ANC,ANC,1449488,1034337,16690,1051027,72.51,517169,0,first,,,Ubuntu Party,Ubuntu Party,231,province,ZA-FS,official,Province National Assembly ballot totals; National Assembly seats are allocated nationally.,0
Free State,https://results.elections.org.za/home/NPEPublicReports/291/National/Results,,ANC,ANC,1449488,1034337,16690,1051027,72.51,517169,0,first,,,Independent Civic Organisation Of South Africa,Independent Civic Organisation Of South Africa,226,province,ZA-FS,official,Province National Assembly ballot totals; National Assembly seats are allocated nationally.,0
Free State,https://results.elections.org.za/home/NPEPublicReports/291/National/Results,,ANC,ANC,1449488,1034337,16690,1051027,72.51,517169,0,first,,,Al Jama-ah,Al Jama-ah,208,province,ZA-FS,official,Province National Assembly ballot totals; National Assembly seats are allocated nationally.,0
Free State,https://results.elections.org.za/home/NPEPublicReports/291/National/Results,,ANC,ANC,1449488,1034337,16690,1051027,72.51,517169,0,first,,,Keep It Straight And Simple,Keep It Straight And Simple,203,province,ZA-FS,official,Province National Assembly ballot totals; National Assembly seats are allocated nationally.,0
Free State,https://results.elections.org.za/home/NPEPublicReports/291/National/Results,,ANC,ANC,1449488,1034337,16690,1051027,72.51,517169,0,first,,,Pan Africanist Movement,Pan Africanist Movement,187,province,ZA-FS,official,Province National Assembly ballot totals; National Assembly seats are allocated nationally.,0
Free State,https://results.elections.org.za/home/NPEPublicReports/291/National/Results,,ANC,ANC,1449488,1034337,16690,1051027,72.51,517169,0,first,,,Minority Front,Minority Front,152,province,ZA-FS,official,Province National Assembly ballot totals; National Assembly seats are allocated nationally.,0
Free State,https://results.elections.org.za/home/NPEPublicReports/291/National/Results,,ANC,ANC,1449488,1034337,16690,1051027,72.51,517169,0,first,,,Bushbuckridge Residents Association,Bushbuckridge Residents Association,131,province,ZA-FS,official,Province National Assembly ballot totals; National Assembly seats are allocated nationally.,0
Free State,https://results.elections.org.za/home/NPEPublicReports/291/National/Results,,ANC,ANC,1449488,1034337,16690,1051027,72.51,517169,0,first,,,First Nation Liberation Alliance,First Nation Liberation Alliance,120,province,ZA-FS,official,Province National Assembly ballot totals; National Assembly seats are allocated nationally.,0
Free State,https://results.elections.org.za/home/NPEPublicReports/291/National/Results,,ANC,ANC,1449488,1034337,16690,1051027,72.51,517169,0,first,,,United Congress,United Congress,120,province,ZA-FS,official,Province National Assembly ballot totals; National Assembly seats are allocated nationally.,0
Free State,https://results.elections.org.za/home/NPEPublicReports/291/National/Results,,ANC,ANC,1449488,1034337,16690,1051027,72.51,517169,0,first,,,Kingdom Governance Movement,Kingdom Governance Movement,111,province,ZA-FS,official,Province National Assembly ballot totals; National Assembly seats are allocated nationally.,0
Free State,https://results.elections.org.za/home/NPEPublicReports/291/National/Results,,ANC,ANC,1449488,1034337,16690,1051027,72.51,517169,0,first,,,Peoples Alliance,Peoples Alliance,68,province,ZA-FS,official,Province National Assembly ballot totals; National Assembly seats are allocated nationally.,0
Gauteng,https://results.elections.org.za/home/NPEPublicReports/291/National/Results,,ANC,ANC,6063739,4592219,46762,4638981,76.5,2296110,0,first,,,ANC,ANC,2522012,province,ZA-GT,official,Province National Assembly ballot totals; National Assembly seats are allocated nationally.,0
Gauteng,https://results.elections.org.za/home/NPEPublicReports/291/National/Results,,ANC,ANC,6063739,4592219,46762,4638981,76.5,2296110,0,first,,,DA,DA,1309862,province,ZA-GT,official,Province National Assembly ballot totals; National Assembly seats are allocated nationally.,0
Gauteng,https://results.elections.org.za/home/NPEPublicReports/291/National/Results,,ANC,ANC,6063739,4592219,46762,4638981,76.5,2296110,0,first,,,EFF,EFF,471074,province,ZA-GT,official,Province National Assembly ballot totals; National Assembly seats are allocated nationally.,0
Gauteng,https://results.elections.org.za/home/NPEPublicReports/291/National/Results,,ANC,ANC,6063739,4592219,46762,4638981,76.5,2296110,0,first,,,FF+,FF+,58122,province,ZA-GT,official,Province National Assembly ballot totals; National Assembly seats are allocated nationally.,0
Gauteng,https://results.elections.org.za/home/NPEPublicReports/291/National/Results,,ANC,ANC,6063739,4592219,46762,4638981,76.5,2296110,0,first,,,IFP,IFP,37785,province,ZA-GT,official,Province National Assembly ballot totals; National Assembly seats are allocated nationally.,0
Gauteng,https://results.elections.org.za/home/NPEPublicReports/291/National/Results,,ANC,ANC,6063739,4592219,46762,4638981,76.5,2296110,0,first,,,ACDP,ACDP,30761,province,ZA-GT,official,Province National Assembly ballot totals; National Assembly seats are allocated nationally.,0
Gauteng,https://results.elections.org.za/home/NPEPublicReports/291/National/Results,,ANC,ANC,6063739,4592219,46762,4638981,76.5,2296110,0,first,,,UDM,UDM,25541,province,ZA-GT,official,Province National Assembly ballot totals; National Assembly seats are allocated nationally.,0
Gauteng,https://results.elections.org.za/home/NPEPublicReports/291/National/Results,,ANC,ANC,6063739,4592219,46762,4638981,76.5,2296110,0,first,,,COPE,COPE,23203,province,ZA-GT,official,Province National Assembly ballot totals; National Assembly seats are allocated nationally.,0
Gauteng,https://results.elections.org.za/home/NPEPublicReports/291/National/Results,,ANC,ANC,6063739,4592219,46762,4638981,76.5,2296110,0,first,,,Agang SA,Agang SA,22404,province,ZA-GT,official,Province National Assembly ballot totals; National Assembly seats are allocated nationally.,0
Gauteng,https://results.elections.org.za/home/NPEPublicReports/291/National/Results,,ANC,ANC,6063739,4592219,46762,4638981,76.5,2296110,0,first,,,NFP,NFP,22403,province,ZA-GT,official,Province National Assembly ballot totals; National Assembly seats are allocated nationally.,0
Gauteng,https://results.elections.org.za/home/NPEPublicReports/291/National/Results,,ANC,ANC,6063739,4592219,46762,4638981,76.5,2296110,0,first,,,AIC,AIC,19943,province,ZA-GT,official,Province National Assembly ballot totals; National Assembly seats are allocated nationally.,0
Gauteng,https://results.elections.org.za/home/NPEPublicReports/291/National/Results,,ANC,ANC,6063739,4592219,46762,4638981,76.5,2296110,0,first,,,PAC,PAC,11077,province,ZA-GT,official,Province National Assembly ballot totals; National Assembly seats are allocated nationally.,0
Gauteng,https://results.elections.org.za/home/NPEPublicReports/291/National/Results,,ANC,ANC,6063739,4592219,46762,4638981,76.5,2296110,0,first,,,Al Jama-ah,Al Jama-ah,7509,province,ZA-GT,official,Province National Assembly ballot totals; National Assembly seats are allocated nationally.,0
Gauteng,https://results.elections.org.za/home/NPEPublicReports/291/National/Results,,ANC,ANC,6063739,4592219,46762,4638981,76.5,2296110,0,first,,,APC,APC,5844,province,ZA-GT,official,Province National Assembly ballot totals; National Assembly seats are allocated nationally.,0
Gauteng,https://results.elections.org.za/home/NPEPublicReports/291/National/Results,,ANC,ANC,6063739,4592219,46762,4638981,76.5,2296110,0,first,,,Azanian People'S Organisation,Azanian People'S Organisation,5277,province,ZA-GT,official,Province National Assembly ballot totals; National Assembly seats are allocated nationally.,0
Gauteng,https://results.elections.org.za/home/NPEPublicReports/291/National/Results,,ANC,ANC,6063739,4592219,46762,4638981,76.5,2296110,0,first,,,United Christian Democratic Party,United Christian Democratic Party,3623,province,ZA-GT,official,Province National Assembly ballot totals; National Assembly seats are allocated nationally.,0
Gauteng,https://results.elections.org.za/home/NPEPublicReports/291/National/Results,,ANC,ANC,6063739,4592219,46762,4638981,76.5,2296110,0,first,,,Ubuntu Party,Ubuntu Party,2923,province,ZA-GT,official,Province National Assembly ballot totals; National Assembly seats are allocated nationally.,0
Gauteng,https://results.elections.org.za/home/NPEPublicReports/291/National/Results,,ANC,ANC,6063739,4592219,46762,4638981,76.5,2296110,0,first,,,Minority Front,Minority Front,2144,province,ZA-GT,official,Province National Assembly ballot totals; National Assembly seats are allocated nationally.,0
Gauteng,https://results.elections.org.za/home/NPEPublicReports/291/National/Results,,ANC,ANC,6063739,4592219,46762,4638981,76.5,2296110,0,first,,,Workers And Socialist Party,Workers And Socialist Party,1825,province,ZA-GT,official,Province National Assembly ballot totals; National Assembly seats are allocated nationally.,0
Gauteng,https://results.elections.org.za/home/NPEPublicReports/291/National/Results,,ANC,ANC,6063739,4592219,46762,4638981,76.5,2296110,0,first,,,Front Nasionaal/Front National,Front Nasionaal/Front National,1728,province,ZA-GT,official,Province National Assembly ballot totals; National Assembly seats are allocated nationally.,0
Gauteng,https://results.elections.org.za/home/NPEPublicReports/291/National/Results,,ANC,ANC,6063739,4592219,46762,4638981,76.5,2296110,0,first,,,PA,PA,1482,province,ZA-GT,official,Province National Assembly ballot totals; National Assembly seats are allocated nationally.,0
Gauteng,https://results.elections.org.za/home/NPEPublicReports/291/National/Results,,ANC,ANC,6063739,4592219,46762,4638981,76.5,2296110,0,first,,,Keep It Straight And Simple,Keep It Straight And Simple,1184,province,ZA-GT,official,Province National Assembly ballot totals; National Assembly seats are allocated nationally.,0
Gauteng,https://results.elections.org.za/home/NPEPublicReports/291/National/Results,,ANC,ANC,6063739,4592219,46762,4638981,76.5,2296110,0,first,,,Bushbuckridge Residents Association,Bushbuckridge Residents Association,1043,province,ZA-GT,official,Province National Assembly ballot totals; National Assembly seats are allocated nationally.,0
Gauteng,https://results.elections.org.za/home/NPEPublicReports/291/National/Results,,ANC,ANC,6063739,4592219,46762,4638981,76.5,2296110,0,first,,,First Nation Liberation Alliance,First Nation Liberation Alliance,808,province,ZA-GT,official,Province National Assembly ballot totals; National Assembly seats are allocated nationally.,0
Gauteng,https://results.elections.org.za/home/NPEPublicReports/291/National/Results,,ANC,ANC,6063739,4592219,46762,4638981,76.5,2296110,0,first,,,Kingdom Governance Movement,Kingdom Governance Movement,699,province,ZA-GT,official,Province National Assembly ballot totals; National Assembly seats are allocated nationally.,0
Gauteng,https://results.elections.org.za/home/NPEPublicReports/291/National/Results,,ANC,ANC,6063739,4592219,46762,4638981,76.5,2296110,0,first,,,Pan Africanist Movement,Pan Africanist Movement,681,province,ZA-GT,official,Province National Assembly ballot totals; National Assembly seats are allocated nationally.,0
Gauteng,https://results.elections.org.za/home/NPEPublicReports/291/National/Results,,ANC,ANC,6063739,4592219,46762,4638981,76.5,2296110,0,first,,,Independent Civic Organisation Of South Africa,Independent Civic Organisation Of South Africa,669,province,ZA-GT,official,Province National Assembly ballot totals; National Assembly seats are allocated nationally.,0
Gauteng,https://results.elections.org.za/home/NPEPublicReports/291/National/Results,,ANC,ANC,6063739,4592219,46762,4638981,76.5,2296110,0,first,,,Peoples Alliance,Peoples Alliance,330,province,ZA-GT,official,Province National Assembly ballot totals; National Assembly seats are allocated nationally.,0
Gauteng,https://results.elections.org.za/home/NPEPublicReports/291/National/Results,,ANC,ANC,6063739,4592219,46762,4638981,76.5,2296110,0,first,,,United Congress,United Congress,263,province,ZA-GT,official,Province National Assembly ballot totals; National Assembly seats are allocated nationally.,0
KwaZulu-Natal,https://results.elections.org.za/home/NPEPublicReports/291/National/Results,,ANC,ANC,5117131,3874833,60938,3935771,76.91,1937417,0,first,,,ANC,ANC,2530827,province,ZA-KZN,official,Province National Assembly ballot totals; National Assembly seats are allocated nationally.,0
KwaZulu-Natal,https://results.elections.org.za/home/NPEPublicReports/291/National/Results,,ANC,ANC,5117131,3874833,60938,3935771,76.91,1937417,0,first,,,DA,DA,517461,province,ZA-KZN,official,Province National Assembly ballot totals; National Assembly seats are allocated nationally.,0
KwaZulu-Natal,https://results.elections.org.za/home/NPEPublicReports/291/National/Results,,ANC,ANC,5117131,3874833,60938,3935771,76.91,1937417,0,first,,,IFP,IFP,393949,province,ZA-KZN,official,Province National Assembly ballot totals; National Assembly seats are allocated nationally.,0
KwaZulu-Natal,https://results.elections.org.za/home/NPEPublicReports/291/National/Results,,ANC,ANC,5117131,3874833,60938,3935771,76.91,1937417,0,first,,,NFP,NFP,249118,province,ZA-KZN,official,Province National Assembly ballot totals; National Assembly seats are allocated nationally.,0
KwaZulu-Natal,https://results.elections.org.za/home/NPEPublicReports/291/National/Results,,ANC,ANC,5117131,3874833,60938,3935771,76.91,1937417,0,first,,,EFF,EFF,76384,province,ZA-KZN,official,Province National Assembly ballot totals; National Assembly seats are allocated nationally.,0
KwaZulu-Natal,https://results.elections.org.za/home/NPEPublicReports/291/National/Results,,ANC,ANC,5117131,3874833,60938,3935771,76.91,1937417,0,first,,,AIC,AIC,19309,province,ZA-KZN,official,Province National Assembly ballot totals; National Assembly seats are allocated nationally.,0
KwaZulu-Natal,https://results.elections.org.za/home/NPEPublicReports/291/National/Results,,ANC,ANC,5117131,3874833,60938,3935771,76.91,1937417,0,first,,,Minority Front,Minority Front,18924,province,ZA-KZN,official,Province National Assembly ballot totals; National Assembly seats are allocated nationally.,0
KwaZulu-Natal,https://results.elections.org.za/home/NPEPublicReports/291/National/Results,,ANC,ANC,5117131,3874833,60938,3935771,76.91,1937417,0,first,,,ACDP,ACDP,15406,province,ZA-KZN,official,Province National Assembly ballot totals; National Assembly seats are allocated nationally.,0
KwaZulu-Natal,https://results.elections.org.za/home/NPEPublicReports/291/National/Results,,ANC,ANC,5117131,3874833,60938,3935771,76.91,1937417,0,first,,,FF+,FF+,9687,province,ZA-KZN,official,Province National Assembly ballot totals; National Assembly seats are allocated nationally.,0
KwaZulu-Natal,https://results.elections.org.za/home/NPEPublicReports/291/National/Results,,ANC,ANC,5117131,3874833,60938,3935771,76.91,1937417,0,first,,,UDM,UDM,7232,province,ZA-KZN,official,Province National Assembly ballot totals; National Assembly seats are allocated nationally.,0
KwaZulu-Natal,https://results.elections.org.za/home/NPEPublicReports/291/National/Results,,ANC,ANC,5117131,3874833,60938,3935771,76.91,1937417,0,first,,,COPE,COPE,5553,province,ZA-KZN,official,Province National Assembly ballot totals; National Assembly seats are allocated nationally.,0
KwaZulu-Natal,https://results.elections.org.za/home/NPEPublicReports/291/National/Results,,ANC,ANC,5117131,3874833,60938,3935771,76.91,1937417,0,first,,,APC,APC,4390,province,ZA-KZN,official,Province National Assembly ballot totals; National Assembly seats are allocated nationally.,0
KwaZulu-Natal,https://results.elections.org.za/home/NPEPublicReports/291/National/Results,,ANC,ANC,5117131,3874833,60938,3935771,76.91,1937417,0,first,,,Al Jama-ah,Al Jama-ah,4288,province,ZA-KZN,official,Province National Assembly ballot totals; National Assembly seats are allocated nationally.,0
KwaZulu-Natal,https://results.elections.org.za/home/NPEPublicReports/291/National/Results,,ANC,ANC,5117131,3874833,60938,3935771,76.91,1937417,0,first,,,Agang SA,Agang SA,3413,province,ZA-KZN,official,Province National Assembly ballot totals; National Assembly seats are allocated nationally.,0
KwaZulu-Natal,https://results.elections.org.za/home/NPEPublicReports/291/National/Results,,ANC,ANC,5117131,3874833,60938,3935771,76.91,1937417,0,first,,,Azanian People'S Organisation,Azanian People'S Organisation,2967,province,ZA-KZN,official,Province National Assembly ballot totals; National Assembly seats are allocated nationally.,0
KwaZulu-Natal,https://results.elections.org.za/home/NPEPublicReports/291/National/Results,,ANC,ANC,5117131,3874833,60938,3935771,76.91,1937417,0,first,,,PAC,PAC,2723,province,ZA-KZN,official,Province National Assembly ballot totals; National Assembly seats are allocated nationally.,0
KwaZulu-Natal,https://results.elections.org.za/home/NPEPublicReports/291/National/Results,,ANC,ANC,5117131,3874833,60938,3935771,76.91,1937417,0,first,,,Workers And Socialist Party,Workers And Socialist Party,2005,province,ZA-KZN,official,Province National Assembly ballot totals; National Assembly seats are allocated nationally.,0
KwaZulu-Natal,https://results.elections.org.za/home/NPEPublicReports/291/National/Results,,ANC,ANC,5117131,3874833,60938,3935771,76.91,1937417,0,first,,,United Christian Democratic Party,United Christian Democratic Party,1838,province,ZA-KZN,official,Province National Assembly ballot totals; National Assembly seats are allocated nationally.,0
KwaZulu-Natal,https://results.elections.org.za/home/NPEPublicReports/291/National/Results,,ANC,ANC,5117131,3874833,60938,3935771,76.91,1937417,0,first,,,Keep It Straight And Simple,Keep It Straight And Simple,1404,province,ZA-KZN,official,Province National Assembly ballot totals; National Assembly seats are allocated nationally.,0
KwaZulu-Natal,https://results.elections.org.za/home/NPEPublicReports/291/National/Results,,ANC,ANC,5117131,3874833,60938,3935771,76.91,1937417,0,first,,,Ubuntu Party,Ubuntu Party,1330,province,ZA-KZN,official,Province National Assembly ballot totals; National Assembly seats are allocated nationally.,0
KwaZulu-Natal,https://results.elections.org.za/home/NPEPublicReports/291/National/Results,,ANC,ANC,5117131,3874833,60938,3935771,76.91,1937417,0,first,,,Independent Civic Organisation Of South Africa,Independent Civic Organisation Of South Africa,1082,province,ZA-KZN,official,Province National Assembly ballot totals; National Assembly seats are allocated nationally.,0
KwaZulu-Natal,https://results.elections.org.za/home/NPEPublicReports/291/National/Results,,ANC,ANC,5117131,3874833,60938,3935771,76.91,1937417,0,first,,,PA,PA,1004,province,ZA-KZN,official,Province National Assembly ballot totals; National Assembly seats are allocated nationally.,0
KwaZulu-Natal,https://results.elections.org.za/home/NPEPublicReports/291/National/Results,,ANC,ANC,5117131,3874833,60938,3935771,76.91,1937417,0,first,,,Kingdom Governance Movement,Kingdom Governance Movement,922,province,ZA-KZN,official,Province National Assembly ballot totals; National Assembly seats are allocated nationally.,0
KwaZulu-Natal,https://results.elections.org.za/home/NPEPublicReports/291/National/Results,,ANC,ANC,5117131,3874833,60938,3935771,76.91,1937417,0,first,,,Pan Africanist Movement,Pan Africanist Movement,826,province,ZA-KZN,official,Province National Assembly ballot totals; National Assembly seats are allocated nationally.,0
KwaZulu-Natal,https://results.elections.org.za/home/NPEPublicReports/291/National/Results,,ANC,ANC,5117131,3874833,60938,3935771,76.91,1937417,0,first,,,Front Nasionaal/Front National,Front Nasionaal/Front National,769,province,ZA-KZN,official,Province National Assembly ballot totals; National Assembly seats are allocated nationally.,0
KwaZulu-Natal,https://results.elections.org.za/home/NPEPublicReports/291/National/Results,,ANC,ANC,5117131,3874833,60938,3935771,76.91,1937417,0,first,,,First Nation Liberation Alliance,First Nation Liberation Alliance,667,province,ZA-KZN,official,Province National Assembly ballot totals; National Assembly seats are allocated nationally.,0
KwaZulu-Natal,https://results.elections.org.za/home/NPEPublicReports/291/National/Results,,ANC,ANC,5117131,3874833,60938,3935771,76.91,1937417,0,first,,,United Congress,United Congress,575,province,ZA-KZN,official,Province National Assembly ballot totals; National Assembly seats are allocated nationally.,0
KwaZulu-Natal,https://results.elections.org.za/home/NPEPublicReports/291/National/Results,,ANC,ANC,5117131,3874833,60938,3935771,76.91,1937417,0,first,,,Bushbuckridge Residents Association,Bushbuckridge Residents Association,462,province,ZA-KZN,official,Province National Assembly ballot totals; National Assembly seats are allocated nationally.,0
KwaZulu-Natal,https://results.elections.org.za/home/NPEPublicReports/291/National/Results,,ANC,ANC,5117131,3874833,60938,3935771,76.91,1937417,0,first,,,Peoples Alliance,Peoples Alliance,318,province,ZA-KZN,official,Province National Assembly ballot totals; National Assembly seats are allocated nationally.,0
Limpopo,https://results.elections.org.za/home/NPEPublicReports/291/National/Results,,ANC,ANC,2438280,1523169,20817,1543986,63.32,761585,0,first,,,ANC,ANC,1202905,province,ZA-LIM,official,Province National Assembly ballot totals; National Assembly seats are allocated nationally.,0
Limpopo,https://results.elections.org.za/home/NPEPublicReports/291/National/Results,,ANC,ANC,2438280,1523169,20817,1543986,63.32,761585,0,first,,,EFF,EFF,156488,province,ZA-LIM,official,Province National Assembly ballot totals; National Assembly seats are allocated nationally.,0
Limpopo,https://results.elections.org.za/home/NPEPublicReports/291/National/Results,,ANC,ANC,2438280,1523169,20817,1543986,63.32,761585,0,first,,,DA,DA,100562,province,ZA-LIM,official,Province National Assembly ballot totals; National Assembly seats are allocated nationally.,0
Limpopo,https://results.elections.org.za/home/NPEPublicReports/291/National/Results,,ANC,ANC,2438280,1523169,20817,1543986,63.32,761585,0,first,,,COPE,COPE,12478,province,ZA-LIM,official,Province National Assembly ballot totals; National Assembly seats are allocated nationally.,0
Limpopo,https://results.elections.org.za/home/NPEPublicReports/291/National/Results,,ANC,ANC,2438280,1523169,20817,1543986,63.32,761585,0,first,,,FF+,FF+,10269,province,ZA-LIM,official,Province National Assembly ballot totals; National Assembly seats are allocated nationally.,0
Limpopo,https://results.elections.org.za/home/NPEPublicReports/291/National/Results,,ANC,ANC,2438280,1523169,20817,1543986,63.32,761585,0,first,,,AIC,AIC,6611,province,ZA-LIM,official,Province National Assembly ballot totals; National Assembly seats are allocated nationally.,0
Limpopo,https://results.elections.org.za/home/NPEPublicReports/291/National/Results,,ANC,ANC,2438280,1523169,20817,1543986,63.32,761585,0,first,,,ACDP,ACDP,6306,province,ZA-LIM,official,Province National Assembly ballot totals; National Assembly seats are allocated nationally.,0
Limpopo,https://results.elections.org.za/home/NPEPublicReports/291/National/Results,,ANC,ANC,2438280,1523169,20817,1543986,63.32,761585,0,first,,,Agang SA,Agang SA,4841,province,ZA-LIM,official,Province National Assembly ballot totals; National Assembly seats are allocated nationally.,0
Limpopo,https://results.elections.org.za/home/NPEPublicReports/291/National/Results,,ANC,ANC,2438280,1523169,20817,1543986,63.32,761585,0,first,,,UDM,UDM,4340,province,ZA-LIM,official,Province National Assembly ballot totals; National Assembly seats are allocated nationally.,0
Limpopo,https://results.elections.org.za/home/NPEPublicReports/291/National/Results,,ANC,ANC,2438280,1523169,20817,1543986,63.32,761585,0,first,,,APC,APC,4044,province,ZA-LIM,official,Province National Assembly ballot totals; National Assembly seats are allocated nationally.,0
Limpopo,https://results.elections.org.za/home/NPEPublicReports/291/National/Results,,ANC,ANC,2438280,1523169,20817,1543986,63.32,761585,0,first,,,PAC,PAC,3949,province,ZA-LIM,official,Province National Assembly ballot totals; National Assembly seats are allocated nationally.,0
Limpopo,https://results.elections.org.za/home/NPEPublicReports/291/National/Results,,ANC,ANC,2438280,1523169,20817,1543986,63.32,761585,0,first,,,Azanian People'S Organisation,Azanian People'S Organisation,3692,province,ZA-LIM,official,Province National Assembly ballot totals; National Assembly seats are allocated nationally.,0
Limpopo,https://results.elections.org.za/home/NPEPublicReports/291/National/Results,,ANC,ANC,2438280,1523169,20817,1543986,63.32,761585,0,first,,,Workers And Socialist Party,Workers And Socialist Party,1065,province,ZA-LIM,official,Province National Assembly ballot totals; National Assembly seats are allocated nationally.,0
Limpopo,https://results.elections.org.za/home/NPEPublicReports/291/National/Results,,ANC,ANC,2438280,1523169,20817,1543986,63.32,761585,0,first,,,United Christian Democratic Party,United Christian Democratic Party,845,province,ZA-LIM,official,Province National Assembly ballot totals; National Assembly seats are allocated nationally.,0
Limpopo,https://results.elections.org.za/home/NPEPublicReports/291/National/Results,,ANC,ANC,2438280,1523169,20817,1543986,63.32,761585,0,first,,,IFP,IFP,844,province,ZA-LIM,official,Province National Assembly ballot totals; National Assembly seats are allocated nationally.,0
Limpopo,https://results.elections.org.za/home/NPEPublicReports/291/National/Results,,ANC,ANC,2438280,1523169,20817,1543986,63.32,761585,0,first,,,NFP,NFP,596,province,ZA-LIM,official,Province National Assembly ballot totals; National Assembly seats are allocated nationally.,0
Limpopo,https://results.elections.org.za/home/NPEPublicReports/291/National/Results,,ANC,ANC,2438280,1523169,20817,1543986,63.32,761585,0,first,,,Bushbuckridge Residents Association,Bushbuckridge Residents Association,490,province,ZA-LIM,official,Province National Assembly ballot totals; National Assembly seats are allocated nationally.,0
Limpopo,https://results.elections.org.za/home/NPEPublicReports/291/National/Results,,ANC,ANC,2438280,1523169,20817,1543986,63.32,761585,0,first,,,PA,PA,365,province,ZA-LIM,official,Province National Assembly ballot totals; National Assembly seats are allocated nationally.,0
Limpopo,https://results.elections.org.za/home/NPEPublicReports/291/National/Results,,ANC,ANC,2438280,1523169,20817,1543986,63.32,761585,0,first,,,Al Jama-ah,Al Jama-ah,362,province,ZA-LIM,official,Province National Assembly ballot totals; National Assembly seats are allocated nationally.,0
Limpopo,https://results.elections.org.za/home/NPEPublicReports/291/National/Results,,ANC,ANC,2438280,1523169,20817,1543986,63.32,761585,0,first,,,Front Nasionaal/Front National,Front Nasionaal/Front National,336,province,ZA-LIM,official,Province National Assembly ballot totals; National Assembly seats are allocated nationally.,0
Limpopo,https://results.elections.org.za/home/NPEPublicReports/291/National/Results,,ANC,ANC,2438280,1523169,20817,1543986,63.32,761585,0,first,,,Ubuntu Party,Ubuntu Party,294,province,ZA-LIM,official,Province National Assembly ballot totals; National Assembly seats are allocated nationally.,0
Limpopo,https://results.elections.org.za/home/NPEPublicReports/291/National/Results,,ANC,ANC,2438280,1523169,20817,1543986,63.32,761585,0,first,,,Pan Africanist Movement,Pan Africanist Movement,264,province,ZA-LIM,official,Province National Assembly ballot totals; National Assembly seats are allocated nationally.,0
Limpopo,https://results.elections.org.za/home/NPEPublicReports/291/National/Results,,ANC,ANC,2438280,1523169,20817,1543986,63.32,761585,0,first,,,First Nation Liberation Alliance,First Nation Liberation Alliance,207,province,ZA-LIM,official,Province National Assembly ballot totals; National Assembly seats are allocated nationally.,0
Limpopo,https://results.elections.org.za/home/NPEPublicReports/291/National/Results,,ANC,ANC,2438280,1523169,20817,1543986,63.32,761585,0,first,,,Keep It Straight And Simple,Keep It Straight And Simple,201,province,ZA-LIM,official,Province National Assembly ballot totals; National Assembly seats are allocated nationally.,0
Limpopo,https://results.elections.org.za/home/NPEPublicReports/291/National/Results,,ANC,ANC,2438280,1523169,20817,1543986,63.32,761585,0,first,,,Kingdom Governance Movement,Kingdom Governance Movement,193,province,ZA-LIM,official,Province National Assembly ballot totals; National Assembly seats are allocated nationally.,0
Limpopo,https://results.elections.org.za/home/NPEPublicReports/291/National/Results,,ANC,ANC,2438280,1523169,20817,1543986,63.32,761585,0,first,,,Minority Front,Minority Front,176,province,ZA-LIM,official,Province National Assembly ballot totals; National Assembly seats are allocated nationally.,0
Limpopo,https://results.elections.org.za/home/NPEPublicReports/291/National/Results,,ANC,ANC,2438280,1523169,20817,1543986,63.32,761585,0,first,,,Independent Civic Organisation Of South Africa,Independent Civic Organisation Of South Africa,175,province,ZA-LIM,official,Province National Assembly ballot totals; National Assembly seats are allocated nationally.,0
Limpopo,https://results.elections.org.za/home/NPEPublicReports/291/National/Results,,ANC,ANC,2438280,1523169,20817,1543986,63.32,761585,0,first,,,United Congress,United Congress,146,province,ZA-LIM,official,Province National Assembly ballot totals; National Assembly seats are allocated nationally.,0
Limpopo,https://results.elections.org.za/home/NPEPublicReports/291/National/Results,,ANC,ANC,2438280,1523169,20817,1543986,63.32,761585,0,first,,,Peoples Alliance,Peoples Alliance,125,province,ZA-LIM,official,Province National Assembly ballot totals; National Assembly seats are allocated nationally.,0
Mpumalanga,https://results.elections.org.za/home/NPEPublicReports/291/National/Results,,ANC,ANC,1860834,1385407,22862,1408269,75.68,692704,0,first,,,ANC,ANC,1091642,province,ZA-MP,official,Province National Assembly ballot totals; National Assembly seats are allocated nationally.,0
Mpumalanga,https://results.elections.org.za/home/NPEPublicReports/291/National/Results,,ANC,ANC,1860834,1385407,22862,1408269,75.68,692704,0,first,,,DA,DA,139158,province,ZA-MP,official,Province National Assembly ballot totals; National Assembly seats are allocated nationally.,0
Mpumalanga,https://results.elections.org.za/home/NPEPublicReports/291/National/Results,,ANC,ANC,1860834,1385407,22862,1408269,75.68,692704,0,first,,,EFF,EFF,85203,province,ZA-MP,official,Province National Assembly ballot totals; National Assembly seats are allocated nationally.,0
Mpumalanga,https://results.elections.org.za/home/NPEPublicReports/291/National/Results,,ANC,ANC,1860834,1385407,22862,1408269,75.68,692704,0,first,,,Bushbuckridge Residents Association,Bushbuckridge Residents Association,12208,province,ZA-MP,official,Province National Assembly ballot totals; National Assembly seats are allocated nationally.,0
Mpumalanga,https://results.elections.org.za/home/NPEPublicReports/291/National/Results,,ANC,ANC,1860834,1385407,22862,1408269,75.68,692704,0,first,,,FF+,FF+,11707,province,ZA-MP,official,Province National Assembly ballot totals; National Assembly seats are allocated nationally.,0
Mpumalanga,https://results.elections.org.za/home/NPEPublicReports/291/National/Results,,ANC,ANC,1860834,1385407,22862,1408269,75.68,692704,0,first,,,NFP,NFP,9312,province,ZA-MP,official,Province National Assembly ballot totals; National Assembly seats are allocated nationally.,0
Mpumalanga,https://results.elections.org.za/home/NPEPublicReports/291/National/Results,,ANC,ANC,1860834,1385407,22862,1408269,75.68,692704,0,first,,,AIC,AIC,7072,province,ZA-MP,official,Province National Assembly ballot totals; National Assembly seats are allocated nationally.,0
Mpumalanga,https://results.elections.org.za/home/NPEPublicReports/291/National/Results,,ANC,ANC,1860834,1385407,22862,1408269,75.68,692704,0,first,,,ACDP,ACDP,5173,province,ZA-MP,official,Province National Assembly ballot totals; National Assembly seats are allocated nationally.,0
Mpumalanga,https://results.elections.org.za/home/NPEPublicReports/291/National/Results,,ANC,ANC,1860834,1385407,22862,1408269,75.68,692704,0,first,,,APC,APC,4269,province,ZA-MP,official,Province National Assembly ballot totals; National Assembly seats are allocated nationally.,0
Mpumalanga,https://results.elections.org.za/home/NPEPublicReports/291/National/Results,,ANC,ANC,1860834,1385407,22862,1408269,75.68,692704,0,first,,,IFP,IFP,4143,province,ZA-MP,official,Province National Assembly ballot totals; National Assembly seats are allocated nationally.,0
Mpumalanga,https://results.elections.org.za/home/NPEPublicReports/291/National/Results,,ANC,ANC,1860834,1385407,22862,1408269,75.68,692704,0,first,,,COPE,COPE,3931,province,ZA-MP,official,Province National Assembly ballot totals; National Assembly seats are allocated nationally.,0
Mpumalanga,https://results.elections.org.za/home/NPEPublicReports/291/National/Results,,ANC,ANC,1860834,1385407,22862,1408269,75.68,692704,0,first,,,PAC,PAC,2640,province,ZA-MP,official,Province National Assembly ballot totals; National Assembly seats are allocated nationally.,0
Mpumalanga,https://results.elections.org.za/home/NPEPublicReports/291/National/Results,,ANC,ANC,1860834,1385407,22862,1408269,75.68,692704,0,first,,,UDM,UDM,1995,province,ZA-MP,official,Province National Assembly ballot totals; National Assembly seats are allocated nationally.,0
Mpumalanga,https://results.elections.org.za/home/NPEPublicReports/291/National/Results,,ANC,ANC,1860834,1385407,22862,1408269,75.68,692704,0,first,,,Agang SA,Agang SA,1738,province,ZA-MP,official,Province National Assembly ballot totals; National Assembly seats are allocated nationally.,0
Mpumalanga,https://results.elections.org.za/home/NPEPublicReports/291/National/Results,,ANC,ANC,1860834,1385407,22862,1408269,75.68,692704,0,first,,,Azanian People'S Organisation,Azanian People'S Organisation,1156,province,ZA-MP,official,Province National Assembly ballot totals; National Assembly seats are allocated nationally.,0
Mpumalanga,https://results.elections.org.za/home/NPEPublicReports/291/National/Results,,ANC,ANC,1860834,1385407,22862,1408269,75.68,692704,0,first,,,United Christian Democratic Party,United Christian Democratic Party,661,province,ZA-MP,official,Province National Assembly ballot totals; National Assembly seats are allocated nationally.,0
Mpumalanga,https://results.elections.org.za/home/NPEPublicReports/291/National/Results,,ANC,ANC,1860834,1385407,22862,1408269,75.68,692704,0,first,,,Al Jama-ah,Al Jama-ah,596,province,ZA-MP,official,Province National Assembly ballot totals; National Assembly seats are allocated nationally.,0
Mpumalanga,https://results.elections.org.za/home/NPEPublicReports/291/National/Results,,ANC,ANC,1860834,1385407,22862,1408269,75.68,692704,0,first,,,Workers And Socialist Party,Workers And Socialist Party,448,province,ZA-MP,official,Province National Assembly ballot totals; National Assembly seats are allocated nationally.,0
Mpumalanga,https://results.elections.org.za/home/NPEPublicReports/291/National/Results,,ANC,ANC,1860834,1385407,22862,1408269,75.68,692704,0,first,,,Front Nasionaal/Front National,Front Nasionaal/Front National,428,province,ZA-MP,official,Province National Assembly ballot totals; National Assembly seats are allocated nationally.,0
Mpumalanga,https://results.elections.org.za/home/NPEPublicReports/291/National/Results,,ANC,ANC,1860834,1385407,22862,1408269,75.68,692704,0,first,,,PA,PA,330,province,ZA-MP,official,Province National Assembly ballot totals; National Assembly seats are allocated nationally.,0
Mpumalanga,https://results.elections.org.za/home/NPEPublicReports/291/National/Results,,ANC,ANC,1860834,1385407,22862,1408269,75.68,692704,0,first,,,Pan Africanist Movement,Pan Africanist Movement,277,province,ZA-MP,official,Province National Assembly ballot totals; National Assembly seats are allocated nationally.,0
Mpumalanga,https://results.elections.org.za/home/NPEPublicReports/291/National/Results,,ANC,ANC,1860834,1385407,22862,1408269,75.68,692704,0,first,,,Ubuntu Party,Ubuntu Party,274,province,ZA-MP,official,Province National Assembly ballot totals; National Assembly seats are allocated nationally.,0
Mpumalanga,https://results.elections.org.za/home/NPEPublicReports/291/National/Results,,ANC,ANC,1860834,1385407,22862,1408269,75.68,692704,0,first,,,Keep It Straight And Simple,Keep It Straight And Simple,201,province,ZA-MP,official,Province National Assembly ballot totals; National Assembly seats are allocated nationally.,0
Mpumalanga,https://results.elections.org.za/home/NPEPublicReports/291/National/Results,,ANC,ANC,1860834,1385407,22862,1408269,75.68,692704,0,first,,,Minority Front,Minority Front,187,province,ZA-MP,official,Province National Assembly ballot totals; National Assembly seats are allocated nationally.,0
Mpumalanga,https://results.elections.org.za/home/NPEPublicReports/291/National/Results,,ANC,ANC,1860834,1385407,22862,1408269,75.68,692704,0,first,,,First Nation Liberation Alliance,First Nation Liberation Alliance,165,province,ZA-MP,official,Province National Assembly ballot totals; National Assembly seats are allocated nationally.,0
Mpumalanga,https://results.elections.org.za/home/NPEPublicReports/291/National/Results,,ANC,ANC,1860834,1385407,22862,1408269,75.68,692704,0,first,,,Independent Civic Organisation Of South Africa,Independent Civic Organisation Of South Africa,144,province,ZA-MP,official,Province National Assembly ballot totals; National Assembly seats are allocated nationally.,0
Mpumalanga,https://results.elections.org.za/home/NPEPublicReports/291/National/Results,,ANC,ANC,1860834,1385407,22862,1408269,75.68,692704,0,first,,,United Congress,United Congress,128,province,ZA-MP,official,Province National Assembly ballot totals; National Assembly seats are allocated nationally.,0
Mpumalanga,https://results.elections.org.za/home/NPEPublicReports/291/National/Results,,ANC,ANC,1860834,1385407,22862,1408269,75.68,692704,0,first,,,Kingdom Governance Movement,Kingdom Governance Movement,125,province,ZA-MP,official,Province National Assembly ballot totals; National Assembly seats are allocated nationally.,0
Mpumalanga,https://results.elections.org.za/home/NPEPublicReports/291/National/Results,,ANC,ANC,1860834,1385407,22862,1408269,75.68,692704,0,first,,,Peoples Alliance,Peoples Alliance,96,province,ZA-MP,official,Province National Assembly ballot totals; National Assembly seats are allocated nationally.,0
Northern Cape,https://results.elections.org.za/home/NPEPublicReports/291/National/Results,,ANC,ANC,601080,436065,7649,443714,73.82,218033,0,first,,,ANC,ANC,278540,province,ZA-NC,official,Province National Assembly ballot totals; National Assembly seats are allocated nationally.,0
Northern Cape,https://results.elections.org.za/home/NPEPublicReports/291/National/Results,,ANC,ANC,601080,436065,7649,443714,73.82,218033,0,first,,,DA,DA,101882,province,ZA-NC,official,Province National Assembly ballot totals; National Assembly seats are allocated nationally.,0
Northern Cape,https://results.elections.org.za/home/NPEPublicReports/291/National/Results,,ANC,ANC,601080,436065,7649,443714,73.82,218033,0,first,,,EFF,EFF,22083,province,ZA-NC,official,Province National Assembly ballot totals; National Assembly seats are allocated nationally.,0
Northern Cape,https://results.elections.org.za/home/NPEPublicReports/291/National/Results,,ANC,ANC,601080,436065,7649,443714,73.82,218033,0,first,,,COPE,COPE,14452,province,ZA-NC,official,Province National Assembly ballot totals; National Assembly seats are allocated nationally.,0
Northern Cape,https://results.elections.org.za/home/NPEPublicReports/291/National/Results,,ANC,ANC,601080,436065,7649,443714,73.82,218033,0,first,,,FF+,FF+,5761,province,ZA-NC,official,Province National Assembly ballot totals; National Assembly seats are allocated nationally.,0
Northern Cape,https://results.elections.org.za/home/NPEPublicReports/291/National/Results,,ANC,ANC,601080,436065,7649,443714,73.82,218033,0,first,,,AIC,AIC,3805,province,ZA-NC,official,Province National Assembly ballot totals; National Assembly seats are allocated nationally.,0
Northern Cape,https://results.elections.org.za/home/NPEPublicReports/291/National/Results,,ANC,ANC,601080,436065,7649,443714,73.82,218033,0,first,,,ACDP,ACDP,2436,province,ZA-NC,official,Province National Assembly ballot totals; National Assembly seats are allocated nationally.,0
Northern Cape,https://results.elections.org.za/home/NPEPublicReports/291/National/Results,,ANC,ANC,601080,436065,7649,443714,73.82,218033,0,first,,,United Christian Democratic Party,United Christian Democratic Party,1461,province,ZA-NC,official,Province National Assembly ballot totals; National Assembly seats are allocated nationally.,0
Northern Cape,https://results.elections.org.za/home/NPEPublicReports/291/National/Results,,ANC,ANC,601080,436065,7649,443714,73.82,218033,0,first,,,Azanian People'S Organisation,Azanian People'S Organisation,936,province,ZA-NC,official,Province National Assembly ballot totals; National Assembly seats are allocated nationally.,0
Northern Cape,https://results.elections.org.za/home/NPEPublicReports/291/National/Results,,ANC,ANC,601080,436065,7649,443714,73.82,218033,0,first,,,APC,APC,681,province,ZA-NC,official,Province National Assembly ballot totals; National Assembly seats are allocated nationally.,0
Northern Cape,https://results.elections.org.za/home/NPEPublicReports/291/National/Results,,ANC,ANC,601080,436065,7649,443714,73.82,218033,0,first,,,PA,PA,591,province,ZA-NC,official,Province National Assembly ballot totals; National Assembly seats are allocated nationally.,0
Northern Cape,https://results.elections.org.za/home/NPEPublicReports/291/National/Results,,ANC,ANC,601080,436065,7649,443714,73.82,218033,0,first,,,UDM,UDM,478,province,ZA-NC,official,Province National Assembly ballot totals; National Assembly seats are allocated nationally.,0
Northern Cape,https://results.elections.org.za/home/NPEPublicReports/291/National/Results,,ANC,ANC,601080,436065,7649,443714,73.82,218033,0,first,,,PAC,PAC,451,province,ZA-NC,official,Province National Assembly ballot totals; National Assembly seats are allocated nationally.,0
Northern Cape,https://results.elections.org.za/home/NPEPublicReports/291/National/Results,,ANC,ANC,601080,436065,7649,443714,73.82,218033,0,first,,,Agang SA,Agang SA,450,province,ZA-NC,official,Province National Assembly ballot totals; National Assembly seats are allocated nationally.,0
Northern Cape,https://results.elections.org.za/home/NPEPublicReports/291/National/Results,,ANC,ANC,601080,436065,7649,443714,73.82,218033,0,first,,,Independent Civic Organisation Of South Africa,Independent Civic Organisation Of South Africa,431,province,ZA-NC,official,Province National Assembly ballot totals; National Assembly seats are allocated nationally.,0
Northern Cape,https://results.elections.org.za/home/NPEPublicReports/291/National/Results,,ANC,ANC,601080,436065,7649,443714,73.82,218033,0,first,,,Al Jama-ah,Al Jama-ah,219,province,ZA-NC,official,Province National Assembly ballot totals; National Assembly seats are allocated nationally.,0
Northern Cape,https://results.elections.org.za/home/NPEPublicReports/291/National/Results,,ANC,ANC,601080,436065,7649,443714,73.82,218033,0,first,,,IFP,IFP,200,province,ZA-NC,official,Province National Assembly ballot totals; National Assembly seats are allocated nationally.,0
Northern Cape,https://results.elections.org.za/home/NPEPublicReports/291/National/Results,,ANC,ANC,601080,436065,7649,443714,73.82,218033,0,first,,,Workers And Socialist Party,Workers And Socialist Party,173,province,ZA-NC,official,Province National Assembly ballot totals; National Assembly seats are allocated nationally.,0
Northern Cape,https://results.elections.org.za/home/NPEPublicReports/291/National/Results,,ANC,ANC,601080,436065,7649,443714,73.82,218033,0,first,,,Front Nasionaal/Front National,Front Nasionaal/Front National,164,province,ZA-NC,official,Province National Assembly ballot totals; National Assembly seats are allocated nationally.,0
Northern Cape,https://results.elections.org.za/home/NPEPublicReports/291/National/Results,,ANC,ANC,601080,436065,7649,443714,73.82,218033,0,first,,,NFP,NFP,141,province,ZA-NC,official,Province National Assembly ballot totals; National Assembly seats are allocated nationally.,0
Northern Cape,https://results.elections.org.za/home/NPEPublicReports/291/National/Results,,ANC,ANC,601080,436065,7649,443714,73.82,218033,0,first,,,First Nation Liberation Alliance,First Nation Liberation Alliance,128,province,ZA-NC,official,Province National Assembly ballot totals; National Assembly seats are allocated nationally.,0
Northern Cape,https://results.elections.org.za/home/NPEPublicReports/291/National/Results,,ANC,ANC,601080,436065,7649,443714,73.82,218033,0,first,,,Pan Africanist Movement,Pan Africanist Movement,128,province,ZA-NC,official,Province National Assembly ballot totals; National Assembly seats are allocated nationally.,0
Northern Cape,https://results.elections.org.za/home/NPEPublicReports/291/National/Results,,ANC,ANC,601080,436065,7649,443714,73.82,218033,0,first,,,Bushbuckridge Residents Association,Bushbuckridge Residents Association,103,province,ZA-NC,official,Province National Assembly ballot totals; National Assembly seats are allocated nationally.,0
Northern Cape,https://results.elections.org.za/home/NPEPublicReports/291/National/Results,,ANC,ANC,601080,436065,7649,443714,73.82,218033,0,first,,,Ubuntu Party,Ubuntu Party,79,province,ZA-NC,official,Province National Assembly ballot totals; National Assembly seats are allocated nationally.,0
Northern Cape,https://results.elections.org.za/home/NPEPublicReports/291/National/Results,,ANC,ANC,601080,436065,7649,443714,73.82,218033,0,first,,,United Congress,United Congress,70,province,ZA-NC,official,Province National Assembly ballot totals; National Assembly seats are allocated nationally.,0
Northern Cape,https://results.elections.org.za/home/NPEPublicReports/291/National/Results,,ANC,ANC,601080,436065,7649,443714,73.82,218033,0,first,,,Minority Front,Minority Front,67,province,ZA-NC,official,Province National Assembly ballot totals; National Assembly seats are allocated nationally.,0
Northern Cape,https://results.elections.org.za/home/NPEPublicReports/291/National/Results,,ANC,ANC,601080,436065,7649,443714,73.82,218033,0,first,,,Keep It Straight And Simple,Keep It Straight And Simple,65,province,ZA-NC,official,Province National Assembly ballot totals; National Assembly seats are allocated nationally.,0
Northern Cape,https://results.elections.org.za/home/NPEPublicReports/291/National/Results,,ANC,ANC,601080,436065,7649,443714,73.82,218033,0,first,,,Kingdom Governance Movement,Kingdom Governance Movement,51,province,ZA-NC,official,Province National Assembly ballot totals; National Assembly seats are allocated nationally.,0
Northern Cape,https://results.elections.org.za/home/NPEPublicReports/291/National/Results,,ANC,ANC,601080,436065,7649,443714,73.82,218033,0,first,,,Peoples Alliance,Peoples Alliance,39,province,ZA-NC,official,Province National Assembly ballot totals; National Assembly seats are allocated nationally.,0
North West,https://results.elections.org.za/home/NPEPublicReports/291/National/Results,,ANC,ANC,1669349,1126691,21095,1147786,68.76,563346,0,first,,,ANC,ANC,763804,province,ZA-NW,official,Province National Assembly ballot totals; National Assembly seats are allocated nationally.,0
North West,https://results.elections.org.za/home/NPEPublicReports/291/National/Results,,ANC,ANC,1669349,1126691,21095,1147786,68.76,563346,0,first,,,DA,DA,141902,province,ZA-NW,official,Province National Assembly ballot totals; National Assembly seats are allocated nationally.,0
North West,https://results.elections.org.za/home/NPEPublicReports/291/National/Results,,ANC,ANC,1669349,1126691,21095,1147786,68.76,563346,0,first,,,EFF,EFF,141150,province,ZA-NW,official,Province National Assembly ballot totals; National Assembly seats are allocated nationally.,0
North West,https://results.elections.org.za/home/NPEPublicReports/291/National/Results,,ANC,ANC,1669349,1126691,21095,1147786,68.76,563346,0,first,,,FF+,FF+,18120,province,ZA-NW,official,Province National Assembly ballot totals; National Assembly seats are allocated nationally.,0
North West,https://results.elections.org.za/home/NPEPublicReports/291/National/Results,,ANC,ANC,1669349,1126691,21095,1147786,68.76,563346,0,first,,,UDM,UDM,10845,province,ZA-NW,official,Province National Assembly ballot totals; National Assembly seats are allocated nationally.,0
North West,https://results.elections.org.za/home/NPEPublicReports/291/National/Results,,ANC,ANC,1669349,1126691,21095,1147786,68.76,563346,0,first,,,United Christian Democratic Party,United Christian Democratic Party,10109,province,ZA-NW,official,Province National Assembly ballot totals; National Assembly seats are allocated nationally.,0
North West,https://results.elections.org.za/home/NPEPublicReports/291/National/Results,,ANC,ANC,1669349,1126691,21095,1147786,68.76,563346,0,first,,,COPE,COPE,8540,province,ZA-NW,official,Province National Assembly ballot totals; National Assembly seats are allocated nationally.,0
North West,https://results.elections.org.za/home/NPEPublicReports/291/National/Results,,ANC,ANC,1669349,1126691,21095,1147786,68.76,563346,0,first,,,AIC,AIC,8421,province,ZA-NW,official,Province National Assembly ballot totals; National Assembly seats are allocated nationally.,0
North West,https://results.elections.org.za/home/NPEPublicReports/291/National/Results,,ANC,ANC,1669349,1126691,21095,1147786,68.76,563346,0,first,,,ACDP,ACDP,5311,province,ZA-NW,official,Province National Assembly ballot totals; National Assembly seats are allocated nationally.,0
North West,https://results.elections.org.za/home/NPEPublicReports/291/National/Results,,ANC,ANC,1669349,1126691,21095,1147786,68.76,563346,0,first,,,Agang SA,Agang SA,4690,province,ZA-NW,official,Province National Assembly ballot totals; National Assembly seats are allocated nationally.,0
North West,https://results.elections.org.za/home/NPEPublicReports/291/National/Results,,ANC,ANC,1669349,1126691,21095,1147786,68.76,563346,0,first,,,APC,APC,3321,province,ZA-NW,official,Province National Assembly ballot totals; National Assembly seats are allocated nationally.,0
North West,https://results.elections.org.za/home/NPEPublicReports/291/National/Results,,ANC,ANC,1669349,1126691,21095,1147786,68.76,563346,0,first,,,Azanian People'S Organisation,Azanian People'S Organisation,1708,province,ZA-NW,official,Province National Assembly ballot totals; National Assembly seats are allocated nationally.,0
North West,https://results.elections.org.za/home/NPEPublicReports/291/National/Results,,ANC,ANC,1669349,1126691,21095,1147786,68.76,563346,0,first,,,NFP,NFP,1519,province,ZA-NW,official,Province National Assembly ballot totals; National Assembly seats are allocated nationally.,0
North West,https://results.elections.org.za/home/NPEPublicReports/291/National/Results,,ANC,ANC,1669349,1126691,21095,1147786,68.76,563346,0,first,,,IFP,IFP,1326,province,ZA-NW,official,Province National Assembly ballot totals; National Assembly seats are allocated nationally.,0
North West,https://results.elections.org.za/home/NPEPublicReports/291/National/Results,,ANC,ANC,1669349,1126691,21095,1147786,68.76,563346,0,first,,,PAC,PAC,1297,province,ZA-NW,official,Province National Assembly ballot totals; National Assembly seats are allocated nationally.,0
North West,https://results.elections.org.za/home/NPEPublicReports/291/National/Results,,ANC,ANC,1669349,1126691,21095,1147786,68.76,563346,0,first,,,Workers And Socialist Party,Workers And Socialist Party,818,province,ZA-NW,official,Province National Assembly ballot totals; National Assembly seats are allocated nationally.,0
North West,https://results.elections.org.za/home/NPEPublicReports/291/National/Results,,ANC,ANC,1669349,1126691,21095,1147786,68.76,563346,0,first,,,Al Jama-ah,Al Jama-ah,667,province,ZA-NW,official,Province National Assembly ballot totals; National Assembly seats are allocated nationally.,0
North West,https://results.elections.org.za/home/NPEPublicReports/291/National/Results,,ANC,ANC,1669349,1126691,21095,1147786,68.76,563346,0,first,,,Front Nasionaal/Front National,Front Nasionaal/Front National,414,province,ZA-NW,official,Province National Assembly ballot totals; National Assembly seats are allocated nationally.,0
North West,https://results.elections.org.za/home/NPEPublicReports/291/National/Results,,ANC,ANC,1669349,1126691,21095,1147786,68.76,563346,0,first,,,PA,PA,408,province,ZA-NW,official,Province National Assembly ballot totals; National Assembly seats are allocated nationally.,0
North West,https://results.elections.org.za/home/NPEPublicReports/291/National/Results,,ANC,ANC,1669349,1126691,21095,1147786,68.76,563346,0,first,,,Pan Africanist Movement,Pan Africanist Movement,305,province,ZA-NW,official,Province National Assembly ballot totals; National Assembly seats are allocated nationally.,0
North West,https://results.elections.org.za/home/NPEPublicReports/291/National/Results,,ANC,ANC,1669349,1126691,21095,1147786,68.76,563346,0,first,,,Ubuntu Party,Ubuntu Party,291,province,ZA-NW,official,Province National Assembly ballot totals; National Assembly seats are allocated nationally.,0
North West,https://results.elections.org.za/home/NPEPublicReports/291/National/Results,,ANC,ANC,1669349,1126691,21095,1147786,68.76,563346,0,first,,,United Congress,United Congress,261,province,ZA-NW,official,Province National Assembly ballot totals; National Assembly seats are allocated nationally.,0
North West,https://results.elections.org.za/home/NPEPublicReports/291/National/Results,,ANC,ANC,1669349,1126691,21095,1147786,68.76,563346,0,first,,,First Nation Liberation Alliance,First Nation Liberation Alliance,234,province,ZA-NW,official,Province National Assembly ballot totals; National Assembly seats are allocated nationally.,0
North West,https://results.elections.org.za/home/NPEPublicReports/291/National/Results,,ANC,ANC,1669349,1126691,21095,1147786,68.76,563346,0,first,,,Keep It Straight And Simple,Keep It Straight And Simple,226,province,ZA-NW,official,Province National Assembly ballot totals; National Assembly seats are allocated nationally.,0
North West,https://results.elections.org.za/home/NPEPublicReports/291/National/Results,,ANC,ANC,1669349,1126691,21095,1147786,68.76,563346,0,first,,,Independent Civic Organisation Of South Africa,Independent Civic Organisation Of South Africa,224,province,ZA-NW,official,Province National Assembly ballot totals; National Assembly seats are allocated nationally.,0
North West,https://results.elections.org.za/home/NPEPublicReports/291/National/Results,,ANC,ANC,1669349,1126691,21095,1147786,68.76,563346,0,first,,,Minority Front,Minority Front,221,province,ZA-NW,official,Province National Assembly ballot totals; National Assembly seats are allocated nationally.,0
North West,https://results.elections.org.za/home/NPEPublicReports/291/National/Results,,ANC,ANC,1669349,1126691,21095,1147786,68.76,563346,0,first,,,Bushbuckridge Residents Association,Bushbuckridge Residents Association,213,province,ZA-NW,official,Province National Assembly ballot totals; National Assembly seats are allocated nationally.,0
North West,https://results.elections.org.za/home/NPEPublicReports/291/National/Results,,ANC,ANC,1669349,1126691,21095,1147786,68.76,563346,0,first,,,Kingdom Governance Movement,Kingdom Governance Movement,206,province,ZA-NW,official,Province National Assembly ballot totals; National Assembly seats are allocated nationally.,0
North West,https://results.elections.org.za/home/NPEPublicReports/291/National/Results,,ANC,ANC,1669349,1126691,21095,1147786,68.76,563346,0,first,,,Peoples Alliance,Peoples Alliance,140,province,ZA-NW,official,Province National Assembly ballot totals; National Assembly seats are allocated nationally.,0
Western Cape,https://results.elections.org.za/home/NPEPublicReports/291/National/Results,,DA,DA,2941333,2168147,20089,2188236,74.4,1084074,0,first,,,DA,DA,1241424,province,ZA-WC,official,Province National Assembly ballot totals; National Assembly seats are allocated nationally.,0
Western Cape,https://results.elections.org.za/home/NPEPublicReports/291/National/Results,,DA,DA,2941333,2168147,20089,2188236,74.4,1084074,0,first,,,ANC,ANC,737219,province,ZA-WC,official,Province National Assembly ballot totals; National Assembly seats are allocated nationally.,0
Western Cape,https://results.elections.org.za/home/NPEPublicReports/291/National/Results,,DA,DA,2941333,2168147,20089,2188236,74.4,1084074,0,first,,,EFF,EFF,50280,province,ZA-WC,official,Province National Assembly ballot totals; National Assembly seats are allocated nationally.,0
Western Cape,https://results.elections.org.za/home/NPEPublicReports/291/National/Results,,DA,DA,2941333,2168147,20089,2188236,74.4,1084074,0,first,,,ACDP,ACDP,25318,province,ZA-WC,official,Province National Assembly ballot totals; National Assembly seats are allocated nationally.,0
Western Cape,https://results.elections.org.za/home/NPEPublicReports/291/National/Results,,DA,DA,2941333,2168147,20089,2188236,74.4,1084074,0,first,,,FF+,FF+,23243,province,ZA-WC,official,Province National Assembly ballot totals; National Assembly seats are allocated nationally.,0
Western Cape,https://results.elections.org.za/home/NPEPublicReports/291/National/Results,,DA,DA,2941333,2168147,20089,2188236,74.4,1084074,0,first,,,COPE,COPE,13833,province,ZA-WC,official,Province National Assembly ballot totals; National Assembly seats are allocated nationally.,0
Western Cape,https://results.elections.org.za/home/NPEPublicReports/291/National/Results,,DA,DA,2941333,2168147,20089,2188236,74.4,1084074,0,first,,,UDM,UDM,13052,province,ZA-WC,official,Province National Assembly ballot totals; National Assembly seats are allocated nationally.,0
Western Cape,https://results.elections.org.za/home/NPEPublicReports/291/National/Results,,DA,DA,2941333,2168147,20089,2188236,74.4,1084074,0,first,,,Al Jama-ah,Al Jama-ah,11376,province,ZA-WC,official,Province National Assembly ballot totals; National Assembly seats are allocated nationally.,0
Western Cape,https://results.elections.org.za/home/NPEPublicReports/291/National/Results,,DA,DA,2941333,2168147,20089,2188236,74.4,1084074,0,first,,,Independent Civic Organisation Of South Africa,Independent Civic Organisation Of South Africa,11124,province,ZA-WC,official,Province National Assembly ballot totals; National Assembly seats are allocated nationally.,0
Western Cape,https://results.elections.org.za/home/NPEPublicReports/291/National/Results,,DA,DA,2941333,2168147,20089,2188236,74.4,1084074,0,first,,,Agang SA,Agang SA,9927,province,ZA-WC,official,Province National Assembly ballot totals; National Assembly seats are allocated nationally.,0
Western Cape,https://results.elections.org.za/home/NPEPublicReports/291/National/Results,,DA,DA,2941333,2168147,20089,2188236,74.4,1084074,0,first,,,PA,PA,7996,province,ZA-WC,official,Province National Assembly ballot totals; National Assembly seats are allocated nationally.,0
Western Cape,https://results.elections.org.za/home/NPEPublicReports/291/National/Results,,DA,DA,2941333,2168147,20089,2188236,74.4,1084074,0,first,,,AIC,AIC,6987,province,ZA-WC,official,Province National Assembly ballot totals; National Assembly seats are allocated nationally.,0
Western Cape,https://results.elections.org.za/home/NPEPublicReports/291/National/Results,,DA,DA,2941333,2168147,20089,2188236,74.4,1084074,0,first,,,PAC,PAC,3963,province,ZA-WC,official,Province National Assembly ballot totals; National Assembly seats are allocated nationally.,0
Western Cape,https://results.elections.org.za/home/NPEPublicReports/291/National/Results,,DA,DA,2941333,2168147,20089,2188236,74.4,1084074,0,first,,,Ubuntu Party,Ubuntu Party,2211,province,ZA-WC,official,Province National Assembly ballot totals; National Assembly seats are allocated nationally.,0
Western Cape,https://results.elections.org.za/home/NPEPublicReports/291/National/Results,,DA,DA,2941333,2168147,20089,2188236,74.4,1084074,0,first,,,APC,APC,1491,province,ZA-WC,official,Province National Assembly ballot totals; National Assembly seats are allocated nationally.,0
Western Cape,https://results.elections.org.za/home/NPEPublicReports/291/National/Results,,DA,DA,2941333,2168147,20089,2188236,74.4,1084074,0,first,,,United Christian Democratic Party,United Christian Democratic Party,1153,province,ZA-WC,official,Province National Assembly ballot totals; National Assembly seats are allocated nationally.,0
Western Cape,https://results.elections.org.za/home/NPEPublicReports/291/National/Results,,DA,DA,2941333,2168147,20089,2188236,74.4,1084074,0,first,,,IFP,IFP,1127,province,ZA-WC,official,Province National Assembly ballot totals; National Assembly seats are allocated nationally.,0
Western Cape,https://results.elections.org.za/home/NPEPublicReports/291/National/Results,,DA,DA,2941333,2168147,20089,2188236,74.4,1084074,0,first,,,NFP,NFP,1048,province,ZA-WC,official,Province National Assembly ballot totals; National Assembly seats are allocated nationally.,0
Western Cape,https://results.elections.org.za/home/NPEPublicReports/291/National/Results,,DA,DA,2941333,2168147,20089,2188236,74.4,1084074,0,first,,,Azanian People'S Organisation,Azanian People'S Organisation,951,province,ZA-WC,official,Province National Assembly ballot totals; National Assembly seats are allocated nationally.,0
Western Cape,https://results.elections.org.za/home/NPEPublicReports/291/National/Results,,DA,DA,2941333,2168147,20089,2188236,74.4,1084074,0,first,,,Workers And Socialist Party,Workers And Socialist Party,760,province,ZA-WC,official,Province National Assembly ballot totals; National Assembly seats are allocated nationally.,0
Western Cape,https://results.elections.org.za/home/NPEPublicReports/291/National/Results,,DA,DA,2941333,2168147,20089,2188236,74.4,1084074,0,first,,,First Nation Liberation Alliance,First Nation Liberation Alliance,623,province,ZA-WC,official,Province National Assembly ballot totals; National Assembly seats are allocated nationally.,0
Western Cape,https://results.elections.org.za/home/NPEPublicReports/291/National/Results,,DA,DA,2941333,2168147,20089,2188236,74.4,1084074,0,first,,,Front Nasionaal/Front National,Front Nasionaal/Front National,573,province,ZA-WC,official,Province National Assembly ballot totals; National Assembly seats are allocated nationally.,0
Western Cape,https://results.elections.org.za/home/NPEPublicReports/291/National/Results,,DA,DA,2941333,2168147,20089,2188236,74.4,1084074,0,first,,,Kingdom Governance Movement,Kingdom Governance Movement,524,province,ZA-WC,official,Province National Assembly ballot totals; National Assembly seats are allocated nationally.,0
Western Cape,https://results.elections.org.za/home/NPEPublicReports/291/National/Results,,DA,DA,2941333,2168147,20089,2188236,74.4,1084074,0,first,,,Keep It Straight And Simple,Keep It Straight And Simple,421,province,ZA-WC,official,Province National Assembly ballot totals; National Assembly seats are allocated nationally.,0
Western Cape,https://results.elections.org.za/home/NPEPublicReports/291/National/Results,,DA,DA,2941333,2168147,20089,2188236,74.4,1084074,0,first,,,Minority Front,Minority Front,398,province,ZA-WC,official,Province National Assembly ballot totals; National Assembly seats are allocated nationally.,0
Western Cape,https://results.elections.org.za/home/NPEPublicReports/291/National/Results,,DA,DA,2941333,2168147,20089,2188236,74.4,1084074,0,first,,,Peoples Alliance,Peoples Alliance,382,province,ZA-WC,official,Province National Assembly ballot totals; National Assembly seats are allocated nationally.,0
Western Cape,https://results.elections.org.za/home/NPEPublicReports/291/National/Results,,DA,DA,2941333,2168147,20089,2188236,74.4,1084074,0,first,,,Pan Africanist Movement,Pan Africanist Movement,302,province,ZA-WC,official,Province National Assembly ballot totals; National Assembly seats are allocated nationally.,0
Western Cape,https://results.elections.org.za/home/NPEPublicReports/291/National/Results,,DA,DA,2941333,2168147,20089,2188236,74.4,1084074,0,first,,,Bushbuckridge Residents Association,Bushbuckridge Residents Association,235,province,ZA-WC,official,Province National Assembly ballot totals; National Assembly seats are allocated nationally.,0
Western Cape,https://results.elections.org.za/home/NPEPublicReports/291/National/Results,,DA,DA,2941333,2168147,20089,2188236,74.4,1084074,0,first,,,United Congress,United Congress,206,province,ZA-WC,official,Province National Assembly ballot totals; National Assembly seats are allocated nationally.,0
